[2026-07-04 12:10:07.854] [kepler_formal_main_logger] [info] [KeplerFormal.cpp:1583] KEPLER FORMAL: Run.
[2026-07-04 12:10:07.854] [kepler_formal_main_logger] [info] [KeplerFormal.cpp:1595] Input format: VERILOG
[2026-07-04 12:10:07.854] [kepler_formal_main_logger] [info] [KeplerFormal.cpp:1597] Run log: ./logs/nangate45/bp_be/base/6_final_sec_check.log
[2026-07-04 12:10:07.854] [kepler_formal_main_logger] [info] [KeplerFormal.cpp:621] Netlist 1: ./1_synth_lec.v
[2026-07-04 12:10:07.854] [kepler_formal_main_logger] [info] [KeplerFormal.cpp:621] Netlist 2: ./6_final_lec.v
[2026-07-04 12:10:07.854] [kepler_formal_main_logger] [info] [KeplerFormal.cpp:1708] Solver: KISSAT
[2026-07-04 12:10:07.854] [kepler_formal_main_logger] [info] [KeplerFormal.cpp:1709] Verification: sec
[2026-07-04 12:10:07.854] [kepler_formal_main_logger] [info] [KeplerFormal.cpp:1711] SEC max_k: 32
[2026-07-04 12:10:07.854] [kepler_formal_main_logger] [info] [KeplerFormal.cpp:1712] SEC engine: pdr
[2026-07-04 12:10:07.854] [kepler_formal_main_logger] [info] [KeplerFormal.cpp:1713] SEC encoding: dual_rail_steady
[2026-07-04 12:10:07.854] [kepler_formal_main_logger] [info] [KeplerFormal.cpp:1717] SEC uncomputable sequentials: boundary abstraction
[2026-07-04 12:10:07.854] [kepler_formal_main_logger] [info] [KeplerFormal.cpp:1720] SEC internal state correspondence: disabled
[2026-07-04 12:10:07.854] [kepler_formal_main_logger] [info] [KeplerFormal.cpp:1722] Compact mode: disabled
[2026-07-04 12:10:07.854] [kepler_formal_main_logger] [info] [KeplerFormal.cpp:1723] Skipped PO reports: disabled
[2026-07-04 12:10:07.854] [kepler_formal_main_logger] [info] [KeplerFormal.cpp:1725] Library: ./NangateOpenCellLibrary_typical.lib
[2026-07-04 12:10:07.855] [kepler_formal_main_logger] [info] [KeplerFormal.cpp:1725] Library: ./fakeram45_512x64.lib
[2026-07-04 12:10:07.855] [kepler_formal_main_logger] [info] [KeplerFormal.cpp:1725] Library: ./fakeram45_64x15.lib
[2026-07-04 12:10:07.855] [kepler_formal_main_logger] [info] [KeplerFormal.cpp:1725] Library: ./fakeram45_64x96.lib
[2026-07-04 12:10:07.857] [kepler_formal_main_logger] [info] [KeplerFormal.cpp:1872] Loading library file: ./NangateOpenCellLibrary_typical.lib
[2026-07-04 12:10:07.917] [kepler_formal_main_logger] [info] [KeplerFormal.cpp:1872] Loading library file: ./fakeram45_512x64.lib
[2026-07-04 12:10:07.918] [kepler_formal_main_logger] [info] [KeplerFormal.cpp:1872] Loading library file: ./fakeram45_64x15.lib
[2026-07-04 12:10:07.919] [kepler_formal_main_logger] [info] [KeplerFormal.cpp:1872] Loading library file: ./fakeram45_64x96.lib
[2026-07-04 12:10:07.920] [kepler_formal_main_logger] [info] [KeplerFormal.cpp:2200] Parsing verilog file(s) for design 1
[2026-07-04 12:10:08.688] [kepler_formal_main_logger] [info] [KeplerFormal.cpp:2235] Found top design: bp_be_top
[2026-07-04 12:10:08.688] [kepler_formal_main_logger] [info] [KeplerFormal.cpp:1872] Loading library file: ./NangateOpenCellLibrary_typical.lib
[2026-07-04 12:10:08.787] [kepler_formal_main_logger] [info] [KeplerFormal.cpp:1872] Loading library file: ./fakeram45_512x64.lib
[2026-07-04 12:10:08.790] [kepler_formal_main_logger] [info] [KeplerFormal.cpp:1872] Loading library file: ./fakeram45_64x15.lib
[2026-07-04 12:10:08.791] [kepler_formal_main_logger] [info] [KeplerFormal.cpp:1872] Loading library file: ./fakeram45_64x96.lib
[2026-07-04 12:10:08.791] [kepler_formal_main_logger] [info] [KeplerFormal.cpp:2309] Parsing verilog file(s) for design 2
[2026-07-04 12:10:09.718] [kepler_formal_main_logger] [info] [KeplerFormal.cpp:2344] Found top design: bp_be_top
[2026-07-04 13:08:05.007] [kepler_formal_main_logger] [info] [KeplerFormal.cpp:1740] SEC checked-output coverage: 0.96% (17/1766 covered/existing outputs).
[2026-07-04 13:08:05.010] [kepler_formal_main_logger] [info] [KeplerFormal.cpp:1769] SEC skipped observed outputs due to extraction or coverage limitations:
  - fe_cmd_v_o[0]: dual-rail PDR repair was inconclusive after isolating this output
  - fe_queue_clr_o[0]: dual-rail PDR repair was inconclusive after isolating this output
  - fe_queue_dequeue_o[0]: dual-rail PDR repair was inconclusive after isolating this output
  - fe_queue_ready_o[0]: dual-rail PDR repair was inconclusive after isolating this output
  - fe_queue_rollback_o[0]: dual-rail PDR repair was inconclusive after isolating this output
  - lce_cmd_ready_o[0]: dual-rail PDR repair was inconclusive after isolating this output
  - lce_data_cmd_ready_o[0]: dual-rail PDR repair was inconclusive after isolating this output
  - lce_data_resp_v_o[0]: dual-rail PDR repair was inconclusive after isolating this output
  - lce_req_v_o[0]: dual-rail PDR repair was inconclusive after isolating this output
  - lce_resp_v_o[0]: dual-rail PDR repair was inconclusive after isolating this output
  - lce_tr_resp_ready_o[0]: dual-rail PDR repair was inconclusive after isolating this output
  - lce_tr_resp_v_o[0]: dual-rail PDR repair was inconclusive after isolating this output
  - cmt_trace_exc_o[0]: dual-rail PDR repair was inconclusive after isolating this output
  - cmt_trace_exc_o[4]: dual-rail PDR repair was inconclusive after isolating this output
  - cmt_trace_exc_o[5]: dual-rail PDR repair was inconclusive after isolating this output
  - cmt_trace_exc_o[6]: dual-rail PDR repair was inconclusive after isolating this output
  - cmt_trace_result_o[0]: dual-rail PDR repair was inconclusive after isolating this output
  - cmt_trace_result_o[1]: dual-rail PDR repair was inconclusive after isolating this output
  - cmt_trace_result_o[2]: dual-rail PDR repair was inconclusive after isolating this output
  - cmt_trace_result_o[3]: dual-rail PDR repair was inconclusive after isolating this output
  - cmt_trace_result_o[4]: dual-rail PDR repair was inconclusive after isolating this output
  - cmt_trace_result_o[5]: dual-rail PDR repair was inconclusive after isolating this output
  - cmt_trace_result_o[6]: dual-rail PDR repair was inconclusive after isolating this output
  - cmt_trace_result_o[7]: dual-rail PDR repair was inconclusive after isolating this output
  - cmt_trace_result_o[8]: dual-rail PDR repair was inconclusive after isolating this output
  - cmt_trace_result_o[9]: dual-rail PDR repair was inconclusive after isolating this output
  - cmt_trace_result_o[10]: dual-rail PDR repair was inconclusive after isolating this output
  - cmt_trace_result_o[11]: dual-rail PDR repair was inconclusive after isolating this output
  - cmt_trace_result_o[12]: dual-rail PDR repair was inconclusive after isolating this output
  - cmt_trace_result_o[13]: dual-rail PDR repair was inconclusive after isolating this output
  - cmt_trace_result_o[14]: dual-rail PDR repair was inconclusive after isolating this output
  - cmt_trace_result_o[15]: dual-rail PDR repair was inconclusive after isolating this output
  - cmt_trace_result_o[16]: dual-rail PDR repair was inconclusive after isolating this output
  - cmt_trace_result_o[17]: dual-rail PDR repair was inconclusive after isolating this output
  - cmt_trace_result_o[18]: dual-rail PDR repair was inconclusive after isolating this output
  - cmt_trace_result_o[19]: dual-rail PDR repair was inconclusive after isolating this output
  - cmt_trace_result_o[20]: dual-rail PDR repair was inconclusive after isolating this output
  - cmt_trace_result_o[21]: dual-rail PDR repair was inconclusive after isolating this output
  - cmt_trace_result_o[22]: dual-rail PDR repair was inconclusive after isolating this output
  - cmt_trace_result_o[23]: dual-rail PDR repair was inconclusive after isolating this output
  - cmt_trace_result_o[24]: dual-rail PDR repair was inconclusive after isolating this output
  - cmt_trace_result_o[25]: dual-rail PDR repair was inconclusive after isolating this output
  - cmt_trace_result_o[26]: dual-rail PDR repair was inconclusive after isolating this output
  - cmt_trace_result_o[27]: dual-rail PDR repair was inconclusive after isolating this output
  - cmt_trace_result_o[28]: dual-rail PDR repair was inconclusive after isolating this output
  - cmt_trace_result_o[29]: dual-rail PDR repair was inconclusive after isolating this output
  - cmt_trace_result_o[30]: dual-rail PDR repair was inconclusive after isolating this output
  - cmt_trace_result_o[31]: dual-rail PDR repair was inconclusive after isolating this output
  - cmt_trace_result_o[32]: dual-rail PDR repair was inconclusive after isolating this output
  - cmt_trace_result_o[33]: dual-rail PDR repair was inconclusive after isolating this output
  - cmt_trace_result_o[34]: dual-rail PDR repair was inconclusive after isolating this output
  - cmt_trace_result_o[35]: dual-rail PDR repair was inconclusive after isolating this output
  - cmt_trace_result_o[36]: dual-rail PDR repair was inconclusive after isolating this output
  - cmt_trace_result_o[37]: dual-rail PDR repair was inconclusive after isolating this output
  - cmt_trace_result_o[38]: dual-rail PDR repair was inconclusive after isolating this output
  - cmt_trace_result_o[39]: dual-rail PDR repair was inconclusive after isolating this output
  - cmt_trace_result_o[40]: dual-rail PDR repair was inconclusive after isolating this output
  - cmt_trace_result_o[41]: dual-rail PDR repair was inconclusive after isolating this output
  - cmt_trace_result_o[42]: dual-rail PDR repair was inconclusive after isolating this output
  - cmt_trace_result_o[43]: dual-rail PDR repair was inconclusive after isolating this output
  - cmt_trace_result_o[44]: dual-rail PDR repair was inconclusive after isolating this output
  - cmt_trace_result_o[45]: dual-rail PDR repair was inconclusive after isolating this output
  - cmt_trace_result_o[46]: dual-rail PDR repair was inconclusive after isolating this output
  - cmt_trace_result_o[47]: dual-rail PDR repair was inconclusive after isolating this output
  - cmt_trace_result_o[48]: dual-rail PDR repair was inconclusive after isolating this output
  - cmt_trace_result_o[49]: dual-rail PDR repair was inconclusive after isolating this output
  - cmt_trace_result_o[50]: dual-rail PDR repair was inconclusive after isolating this output
  - cmt_trace_result_o[51]: dual-rail PDR repair was inconclusive after isolating this output
  - cmt_trace_result_o[52]: dual-rail PDR repair was inconclusive after isolating this output
  - cmt_trace_result_o[53]: dual-rail PDR repair was inconclusive after isolating this output
  - cmt_trace_result_o[54]: dual-rail PDR repair was inconclusive after isolating this output
  - cmt_trace_result_o[55]: dual-rail PDR repair was inconclusive after isolating this output
  - cmt_trace_result_o[56]: dual-rail PDR repair was inconclusive after isolating this output
  - cmt_trace_result_o[57]: dual-rail PDR repair was inconclusive after isolating this output
  - cmt_trace_result_o[58]: dual-rail PDR repair was inconclusive after isolating this output
  - cmt_trace_result_o[59]: dual-rail PDR repair was inconclusive after isolating this output
  - cmt_trace_result_o[60]: dual-rail PDR repair was inconclusive after isolating this output
  - cmt_trace_result_o[61]: dual-rail PDR repair was inconclusive after isolating this output
  - cmt_trace_result_o[62]: dual-rail PDR repair was inconclusive after isolating this output
  - cmt_trace_result_o[63]: dual-rail PDR repair was inconclusive after isolating this output
  - cmt_trace_result_o[64]: dual-rail PDR repair was inconclusive after isolating this output
  - cmt_trace_result_o[65]: dual-rail PDR repair was inconclusive after isolating this output
  - cmt_trace_result_o[66]: dual-rail PDR repair was inconclusive after isolating this output
  - cmt_trace_result_o[67]: dual-rail PDR repair was inconclusive after isolating this output
  - cmt_trace_result_o[68]: dual-rail PDR repair was inconclusive after isolating this output
  - cmt_trace_result_o[69]: dual-rail PDR repair was inconclusive after isolating this output
  - cmt_trace_result_o[70]: dual-rail PDR repair was inconclusive after isolating this output
  - cmt_trace_result_o[71]: dual-rail PDR repair was inconclusive after isolating this output
  - cmt_trace_result_o[72]: dual-rail PDR repair was inconclusive after isolating this output
  - cmt_trace_result_o[73]: dual-rail PDR repair was inconclusive after isolating this output
  - cmt_trace_result_o[74]: dual-rail PDR repair was inconclusive after isolating this output
  - cmt_trace_result_o[75]: dual-rail PDR repair was inconclusive after isolating this output
  - cmt_trace_result_o[76]: dual-rail PDR repair was inconclusive after isolating this output
  - cmt_trace_result_o[77]: dual-rail PDR repair was inconclusive after isolating this output
  - cmt_trace_result_o[78]: dual-rail PDR repair was inconclusive after isolating this output
  - cmt_trace_result_o[79]: dual-rail PDR repair was inconclusive after isolating this output
  - cmt_trace_result_o[80]: dual-rail PDR repair was inconclusive after isolating this output
  - cmt_trace_result_o[81]: dual-rail PDR repair was inconclusive after isolating this output
  - cmt_trace_result_o[82]: dual-rail PDR repair was inconclusive after isolating this output
  - cmt_trace_result_o[83]: dual-rail PDR repair was inconclusive after isolating this output
  - cmt_trace_result_o[84]: dual-rail PDR repair was inconclusive after isolating this output
  - cmt_trace_result_o[85]: dual-rail PDR repair was inconclusive after isolating this output
  - cmt_trace_result_o[86]: dual-rail PDR repair was inconclusive after isolating this output
  - cmt_trace_result_o[87]: dual-rail PDR repair was inconclusive after isolating this output
  - cmt_trace_result_o[88]: dual-rail PDR repair was inconclusive after isolating this output
  - cmt_trace_result_o[89]: dual-rail PDR repair was inconclusive after isolating this output
  - cmt_trace_result_o[90]: dual-rail PDR repair was inconclusive after isolating this output
  - cmt_trace_result_o[91]: dual-rail PDR repair was inconclusive after isolating this output
  - cmt_trace_result_o[92]: dual-rail PDR repair was inconclusive after isolating this output
  - cmt_trace_result_o[93]: dual-rail PDR repair was inconclusive after isolating this output
  - cmt_trace_result_o[94]: dual-rail PDR repair was inconclusive after isolating this output
  - cmt_trace_result_o[95]: dual-rail PDR repair was inconclusive after isolating this output
  - cmt_trace_result_o[96]: dual-rail PDR repair was inconclusive after isolating this output
  - cmt_trace_result_o[97]: dual-rail PDR repair was inconclusive after isolating this output
  - cmt_trace_result_o[98]: dual-rail PDR repair was inconclusive after isolating this output
  - cmt_trace_result_o[99]: dual-rail PDR repair was inconclusive after isolating this output
  - cmt_trace_result_o[100]: dual-rail PDR repair was inconclusive after isolating this output
  - cmt_trace_result_o[101]: dual-rail PDR repair was inconclusive after isolating this output
  - cmt_trace_result_o[102]: dual-rail PDR repair was inconclusive after isolating this output
  - cmt_trace_result_o[103]: dual-rail PDR repair was inconclusive after isolating this output
  - cmt_trace_result_o[104]: dual-rail PDR repair was inconclusive after isolating this output
  - cmt_trace_result_o[105]: dual-rail PDR repair was inconclusive after isolating this output
  - cmt_trace_result_o[106]: dual-rail PDR repair was inconclusive after isolating this output
  - cmt_trace_result_o[107]: dual-rail PDR repair was inconclusive after isolating this output
  - cmt_trace_result_o[108]: dual-rail PDR repair was inconclusive after isolating this output
  - cmt_trace_result_o[109]: dual-rail PDR repair was inconclusive after isolating this output
  - cmt_trace_result_o[110]: dual-rail PDR repair was inconclusive after isolating this output
  - cmt_trace_result_o[111]: dual-rail PDR repair was inconclusive after isolating this output
  - cmt_trace_result_o[112]: dual-rail PDR repair was inconclusive after isolating this output
  - cmt_trace_result_o[113]: dual-rail PDR repair was inconclusive after isolating this output
  - cmt_trace_result_o[114]: dual-rail PDR repair was inconclusive after isolating this output
  - cmt_trace_result_o[115]: dual-rail PDR repair was inconclusive after isolating this output
  - cmt_trace_result_o[116]: dual-rail PDR repair was inconclusive after isolating this output
  - cmt_trace_result_o[117]: dual-rail PDR repair was inconclusive after isolating this output
  - cmt_trace_result_o[118]: dual-rail PDR repair was inconclusive after isolating this output
  - cmt_trace_result_o[119]: dual-rail PDR repair was inconclusive after isolating this output
  - cmt_trace_result_o[120]: dual-rail PDR repair was inconclusive after isolating this output
  - cmt_trace_result_o[121]: dual-rail PDR repair was inconclusive after isolating this output
  - cmt_trace_result_o[122]: dual-rail PDR repair was inconclusive after isolating this output
  - cmt_trace_result_o[123]: dual-rail PDR repair was inconclusive after isolating this output
  - cmt_trace_result_o[124]: dual-rail PDR repair was inconclusive after isolating this output
  - cmt_trace_result_o[125]: dual-rail PDR repair was inconclusive after isolating this output
  - cmt_trace_result_o[126]: dual-rail PDR repair was inconclusive after isolating this output
  - cmt_trace_result_o[127]: dual-rail PDR repair was inconclusive after isolating this output
  - cmt_trace_stage_reg_o[0]: dual-rail PDR repair was inconclusive after isolating this output
  - cmt_trace_stage_reg_o[1]: dual-rail PDR repair was inconclusive after isolating this output
  - cmt_trace_stage_reg_o[2]: dual-rail PDR repair was inconclusive after isolating this output
  - cmt_trace_stage_reg_o[3]: dual-rail PDR repair was inconclusive after isolating this output
  - cmt_trace_stage_reg_o[4]: dual-rail PDR repair was inconclusive after isolating this output
  - cmt_trace_stage_reg_o[5]: dual-rail PDR repair was inconclusive after isolating this output
  - cmt_trace_stage_reg_o[6]: dual-rail PDR repair was inconclusive after isolating this output
  - cmt_trace_stage_reg_o[7]: dual-rail PDR repair was inconclusive after isolating this output
  - cmt_trace_stage_reg_o[8]: dual-rail PDR repair was inconclusive after isolating this output
  - cmt_trace_stage_reg_o[9]: dual-rail PDR repair was inconclusive after isolating this output
  - cmt_trace_stage_reg_o[10]: dual-rail PDR repair was inconclusive after isolating this output
  - cmt_trace_stage_reg_o[11]: dual-rail PDR repair was inconclusive after isolating this output
  - cmt_trace_stage_reg_o[12]: dual-rail PDR repair was inconclusive after isolating this output
  - cmt_trace_stage_reg_o[13]: dual-rail PDR repair was inconclusive after isolating this output
  - cmt_trace_stage_reg_o[14]: dual-rail PDR repair was inconclusive after isolating this output
  - cmt_trace_stage_reg_o[15]: dual-rail PDR repair was inconclusive after isolating this output
  - cmt_trace_stage_reg_o[16]: dual-rail PDR repair was inconclusive after isolating this output
  - cmt_trace_stage_reg_o[17]: dual-rail PDR repair was inconclusive after isolating this output
  - cmt_trace_stage_reg_o[18]: dual-rail PDR repair was inconclusive after isolating this output
  - cmt_trace_stage_reg_o[19]: dual-rail PDR repair was inconclusive after isolating this output
  - cmt_trace_stage_reg_o[20]: dual-rail PDR repair was inconclusive after isolating this output
  - cmt_trace_stage_reg_o[21]: dual-rail PDR repair was inconclusive after isolating this output
  - cmt_trace_stage_reg_o[22]: dual-rail PDR repair was inconclusive after isolating this output
  - cmt_trace_stage_reg_o[23]: dual-rail PDR repair was inconclusive after isolating this output
  - cmt_trace_stage_reg_o[24]: dual-rail PDR repair was inconclusive after isolating this output
  - cmt_trace_stage_reg_o[25]: dual-rail PDR repair was inconclusive after isolating this output
  - cmt_trace_stage_reg_o[29]: dual-rail PDR repair was inconclusive after isolating this output
  - cmt_trace_stage_reg_o[30]: dual-rail PDR repair was inconclusive after isolating this output
  - cmt_trace_stage_reg_o[31]: dual-rail PDR repair was inconclusive after isolating this output
  - cmt_trace_stage_reg_o[33]: dual-rail PDR repair was inconclusive after isolating this output
  - cmt_trace_stage_reg_o[35]: dual-rail PDR repair was inconclusive after isolating this output
  - cmt_trace_stage_reg_o[37]: dual-rail PDR repair was inconclusive after isolating this output
  - cmt_trace_stage_reg_o[38]: dual-rail PDR repair was inconclusive after isolating this output
  - cmt_trace_stage_reg_o[39]: dual-rail PDR repair was inconclusive after isolating this output
  - cmt_trace_stage_reg_o[40]: dual-rail PDR repair was inconclusive after isolating this output
  - cmt_trace_stage_reg_o[41]: dual-rail PDR repair was inconclusive after isolating this output
  - cmt_trace_stage_reg_o[42]: dual-rail PDR repair was inconclusive after isolating this output
  - cmt_trace_stage_reg_o[43]: dual-rail PDR repair was inconclusive after isolating this output
  - cmt_trace_stage_reg_o[44]: dual-rail PDR repair was inconclusive after isolating this output
  - cmt_trace_stage_reg_o[45]: dual-rail PDR repair was inconclusive after isolating this output
  - cmt_trace_stage_reg_o[46]: dual-rail PDR repair was inconclusive after isolating this output
  - cmt_trace_stage_reg_o[47]: dual-rail PDR repair was inconclusive after isolating this output
  - cmt_trace_stage_reg_o[48]: dual-rail PDR repair was inconclusive after isolating this output
  - cmt_trace_stage_reg_o[49]: dual-rail PDR repair was inconclusive after isolating this output
  - cmt_trace_stage_reg_o[50]: dual-rail PDR repair was inconclusive after isolating this output
  - cmt_trace_stage_reg_o[51]: dual-rail PDR repair was inconclusive after isolating this output
  - cmt_trace_stage_reg_o[52]: dual-rail PDR repair was inconclusive after isolating this output
  - cmt_trace_stage_reg_o[53]: dual-rail PDR repair was inconclusive after isolating this output
  - cmt_trace_stage_reg_o[54]: dual-rail PDR repair was inconclusive after isolating this output
  - cmt_trace_stage_reg_o[55]: dual-rail PDR repair was inconclusive after isolating this output
  - cmt_trace_stage_reg_o[56]: dual-rail PDR repair was inconclusive after isolating this output
  - cmt_trace_stage_reg_o[57]: dual-rail PDR repair was inconclusive after isolating this output
  - cmt_trace_stage_reg_o[58]: dual-rail PDR repair was inconclusive after isolating this output
  - cmt_trace_stage_reg_o[59]: dual-rail PDR repair was inconclusive after isolating this output
  - cmt_trace_stage_reg_o[60]: dual-rail PDR repair was inconclusive after isolating this output
  - cmt_trace_stage_reg_o[61]: dual-rail PDR repair was inconclusive after isolating this output
  - cmt_trace_stage_reg_o[62]: dual-rail PDR repair was inconclusive after isolating this output
  - cmt_trace_stage_reg_o[63]: dual-rail PDR repair was inconclusive after isolating this output
  - cmt_trace_stage_reg_o[64]: dual-rail PDR repair was inconclusive after isolating this output
  - cmt_trace_stage_reg_o[65]: dual-rail PDR repair was inconclusive after isolating this output
  - cmt_trace_stage_reg_o[66]: dual-rail PDR repair was inconclusive after isolating this output
  - cmt_trace_stage_reg_o[67]: dual-rail PDR repair was inconclusive after isolating this output
  - cmt_trace_stage_reg_o[68]: dual-rail PDR repair was inconclusive after isolating this output
  - cmt_trace_stage_reg_o[69]: dual-rail PDR repair was inconclusive after isolating this output
  - cmt_trace_stage_reg_o[70]: dual-rail PDR repair was inconclusive after isolating this output
  - cmt_trace_stage_reg_o[71]: dual-rail PDR repair was inconclusive after isolating this output
  - cmt_trace_stage_reg_o[72]: dual-rail PDR repair was inconclusive after isolating this output
  - cmt_trace_stage_reg_o[73]: dual-rail PDR repair was inconclusive after isolating this output
  - cmt_trace_stage_reg_o[74]: dual-rail PDR repair was inconclusive after isolating this output
  - cmt_trace_stage_reg_o[75]: dual-rail PDR repair was inconclusive after isolating this output
  - cmt_trace_stage_reg_o[76]: dual-rail PDR repair was inconclusive after isolating this output
  - cmt_trace_stage_reg_o[77]: dual-rail PDR repair was inconclusive after isolating this output
  - cmt_trace_stage_reg_o[78]: dual-rail PDR repair was inconclusive after isolating this output
  - cmt_trace_stage_reg_o[79]: dual-rail PDR repair was inconclusive after isolating this output
  - cmt_trace_stage_reg_o[80]: dual-rail PDR repair was inconclusive after isolating this output
  - cmt_trace_stage_reg_o[81]: dual-rail PDR repair was inconclusive after isolating this output
  - cmt_trace_stage_reg_o[82]: dual-rail PDR repair was inconclusive after isolating this output
  - cmt_trace_stage_reg_o[83]: dual-rail PDR repair was inconclusive after isolating this output
  - cmt_trace_stage_reg_o[84]: dual-rail PDR repair was inconclusive after isolating this output
  - cmt_trace_stage_reg_o[85]: dual-rail PDR repair was inconclusive after isolating this output
  - cmt_trace_stage_reg_o[86]: dual-rail PDR repair was inconclusive after isolating this output
  - cmt_trace_stage_reg_o[87]: dual-rail PDR repair was inconclusive after isolating this output
  - cmt_trace_stage_reg_o[88]: dual-rail PDR repair was inconclusive after isolating this output
  - cmt_trace_stage_reg_o[89]: dual-rail PDR repair was inconclusive after isolating this output
  - cmt_trace_stage_reg_o[90]: dual-rail PDR repair was inconclusive after isolating this output
  - cmt_trace_stage_reg_o[91]: dual-rail PDR repair was inconclusive after isolating this output
  - cmt_trace_stage_reg_o[92]: dual-rail PDR repair was inconclusive after isolating this output
  - cmt_trace_stage_reg_o[93]: dual-rail PDR repair was inconclusive after isolating this output
  - cmt_trace_stage_reg_o[94]: dual-rail PDR repair was inconclusive after isolating this output
  - cmt_trace_stage_reg_o[95]: dual-rail PDR repair was inconclusive after isolating this output
  - cmt_trace_stage_reg_o[96]: dual-rail PDR repair was inconclusive after isolating this output
  - cmt_trace_stage_reg_o[97]: dual-rail PDR repair was inconclusive after isolating this output
  - cmt_trace_stage_reg_o[98]: dual-rail PDR repair was inconclusive after isolating this output
  - cmt_trace_stage_reg_o[99]: dual-rail PDR repair was inconclusive after isolating this output
  - cmt_trace_stage_reg_o[100]: dual-rail PDR repair was inconclusive after isolating this output
  - cmt_trace_stage_reg_o[101]: dual-rail PDR repair was inconclusive after isolating this output
  - cmt_trace_stage_reg_o[102]: dual-rail PDR repair was inconclusive after isolating this output
  - cmt_trace_stage_reg_o[103]: dual-rail PDR repair was inconclusive after isolating this output
  - cmt_trace_stage_reg_o[104]: dual-rail PDR repair was inconclusive after isolating this output
  - cmt_trace_stage_reg_o[105]: dual-rail PDR repair was inconclusive after isolating this output
  - cmt_trace_stage_reg_o[106]: dual-rail PDR repair was inconclusive after isolating this output
  - cmt_trace_stage_reg_o[107]: dual-rail PDR repair was inconclusive after isolating this output
  - cmt_trace_stage_reg_o[108]: dual-rail PDR repair was inconclusive after isolating this output
  - cmt_trace_stage_reg_o[109]: dual-rail PDR repair was inconclusive after isolating this output
  - cmt_trace_stage_reg_o[110]: dual-rail PDR repair was inconclusive after isolating this output
  - cmt_trace_stage_reg_o[111]: dual-rail PDR repair was inconclusive after isolating this output
  - cmt_trace_stage_reg_o[112]: dual-rail PDR repair was inconclusive after isolating this output
  - cmt_trace_stage_reg_o[113]: dual-rail PDR repair was inconclusive after isolating this output
  - cmt_trace_stage_reg_o[114]: dual-rail PDR repair was inconclusive after isolating this output
  - cmt_trace_stage_reg_o[115]: dual-rail PDR repair was inconclusive after isolating this output
  - cmt_trace_stage_reg_o[116]: dual-rail PDR repair was inconclusive after isolating this output
  - cmt_trace_stage_reg_o[117]: dual-rail PDR repair was inconclusive after isolating this output
  - cmt_trace_stage_reg_o[118]: dual-rail PDR repair was inconclusive after isolating this output
  - cmt_trace_stage_reg_o[119]: dual-rail PDR repair was inconclusive after isolating this output
  - cmt_trace_stage_reg_o[120]: dual-rail PDR repair was inconclusive after isolating this output
  - cmt_trace_stage_reg_o[121]: dual-rail PDR repair was inconclusive after isolating this output
  - cmt_trace_stage_reg_o[122]: dual-rail PDR repair was inconclusive after isolating this output
  - cmt_trace_stage_reg_o[123]: dual-rail PDR repair was inconclusive after isolating this output
  - cmt_trace_stage_reg_o[124]: dual-rail PDR repair was inconclusive after isolating this output
  - cmt_trace_stage_reg_o[125]: dual-rail PDR repair was inconclusive after isolating this output
  - cmt_trace_stage_reg_o[126]: dual-rail PDR repair was inconclusive after isolating this output
  - cmt_trace_stage_reg_o[127]: dual-rail PDR repair was inconclusive after isolating this output
  - cmt_trace_stage_reg_o[128]: dual-rail PDR repair was inconclusive after isolating this output
  - cmt_trace_stage_reg_o[129]: dual-rail PDR repair was inconclusive after isolating this output
  - cmt_trace_stage_reg_o[130]: dual-rail PDR repair was inconclusive after isolating this output
  - cmt_trace_stage_reg_o[131]: dual-rail PDR repair was inconclusive after isolating this output
  - cmt_trace_stage_reg_o[132]: dual-rail PDR repair was inconclusive after isolating this output
  - cmt_trace_stage_reg_o[133]: dual-rail PDR repair was inconclusive after isolating this output
  - cmt_trace_stage_reg_o[134]: dual-rail PDR repair was inconclusive after isolating this output
  - cmt_trace_stage_reg_o[135]: dual-rail PDR repair was inconclusive after isolating this output
  - cmt_trace_stage_reg_o[136]: dual-rail PDR repair was inconclusive after isolating this output
  - cmt_trace_stage_reg_o[137]: dual-rail PDR repair was inconclusive after isolating this output
  - cmt_trace_stage_reg_o[138]: dual-rail PDR repair was inconclusive after isolating this output
  - cmt_trace_stage_reg_o[139]: dual-rail PDR repair was inconclusive after isolating this output
  - cmt_trace_stage_reg_o[140]: dual-rail PDR repair was inconclusive after isolating this output
  - cmt_trace_stage_reg_o[141]: dual-rail PDR repair was inconclusive after isolating this output
  - cmt_trace_stage_reg_o[142]: dual-rail PDR repair was inconclusive after isolating this output
  - cmt_trace_stage_reg_o[143]: dual-rail PDR repair was inconclusive after isolating this output
  - cmt_trace_stage_reg_o[144]: dual-rail PDR repair was inconclusive after isolating this output
  - cmt_trace_stage_reg_o[145]: dual-rail PDR repair was inconclusive after isolating this output
  - cmt_trace_stage_reg_o[146]: dual-rail PDR repair was inconclusive after isolating this output
  - cmt_trace_stage_reg_o[147]: dual-rail PDR repair was inconclusive after isolating this output
  - cmt_trace_stage_reg_o[148]: dual-rail PDR repair was inconclusive after isolating this output
  - cmt_trace_stage_reg_o[149]: dual-rail PDR repair was inconclusive after isolating this output
  - cmt_trace_stage_reg_o[150]: dual-rail PDR repair was inconclusive after isolating this output
  - cmt_trace_stage_reg_o[151]: dual-rail PDR repair was inconclusive after isolating this output
  - cmt_trace_stage_reg_o[152]: dual-rail PDR repair was inconclusive after isolating this output
  - cmt_trace_stage_reg_o[153]: dual-rail PDR repair was inconclusive after isolating this output
  - cmt_trace_stage_reg_o[154]: dual-rail PDR repair was inconclusive after isolating this output
  - cmt_trace_stage_reg_o[155]: dual-rail PDR repair was inconclusive after isolating this output
  - cmt_trace_stage_reg_o[156]: dual-rail PDR repair was inconclusive after isolating this output
  - cmt_trace_stage_reg_o[157]: dual-rail PDR repair was inconclusive after isolating this output
  - cmt_trace_stage_reg_o[158]: dual-rail PDR repair was inconclusive after isolating this output
  - cmt_trace_stage_reg_o[159]: dual-rail PDR repair was inconclusive after isolating this output
  - cmt_trace_stage_reg_o[160]: dual-rail PDR repair was inconclusive after isolating this output
  - cmt_trace_stage_reg_o[161]: dual-rail PDR repair was inconclusive after isolating this output
  - cmt_trace_stage_reg_o[162]: dual-rail PDR repair was inconclusive after isolating this output
  - cmt_trace_stage_reg_o[163]: dual-rail PDR repair was inconclusive after isolating this output
  - cmt_trace_stage_reg_o[164]: dual-rail PDR repair was inconclusive after isolating this output
  - cmt_trace_stage_reg_o[165]: dual-rail PDR repair was inconclusive after isolating this output
  - cmt_trace_stage_reg_o[166]: dual-rail PDR repair was inconclusive after isolating this output
  - cmt_trace_stage_reg_o[167]: dual-rail PDR repair was inconclusive after isolating this output
  - cmt_trace_stage_reg_o[168]: dual-rail PDR repair was inconclusive after isolating this output
  - cmt_trace_stage_reg_o[169]: dual-rail PDR repair was inconclusive after isolating this output
  - cmt_trace_stage_reg_o[170]: dual-rail PDR repair was inconclusive after isolating this output
  - cmt_trace_stage_reg_o[171]: dual-rail PDR repair was inconclusive after isolating this output
  - cmt_trace_stage_reg_o[172]: dual-rail PDR repair was inconclusive after isolating this output
  - cmt_trace_stage_reg_o[173]: dual-rail PDR repair was inconclusive after isolating this output
  - cmt_trace_stage_reg_o[174]: dual-rail PDR repair was inconclusive after isolating this output
  - cmt_trace_stage_reg_o[175]: dual-rail PDR repair was inconclusive after isolating this output
  - cmt_trace_stage_reg_o[176]: dual-rail PDR repair was inconclusive after isolating this output
  - cmt_trace_stage_reg_o[177]: dual-rail PDR repair was inconclusive after isolating this output
  - cmt_trace_stage_reg_o[178]: dual-rail PDR repair was inconclusive after isolating this output
  - cmt_trace_stage_reg_o[179]: dual-rail PDR repair was inconclusive after isolating this output
  - cmt_trace_stage_reg_o[180]: dual-rail PDR repair was inconclusive after isolating this output
  - cmt_trace_stage_reg_o[181]: dual-rail PDR repair was inconclusive after isolating this output
  - cmt_trace_stage_reg_o[182]: dual-rail PDR repair was inconclusive after isolating this output
  - cmt_trace_stage_reg_o[183]: dual-rail PDR repair was inconclusive after isolating this output
  - cmt_trace_stage_reg_o[184]: dual-rail PDR repair was inconclusive after isolating this output
  - cmt_trace_stage_reg_o[185]: dual-rail PDR repair was inconclusive after isolating this output
  - cmt_trace_stage_reg_o[186]: dual-rail PDR repair was inconclusive after isolating this output
  - cmt_trace_stage_reg_o[187]: dual-rail PDR repair was inconclusive after isolating this output
  - cmt_trace_stage_reg_o[188]: dual-rail PDR repair was inconclusive after isolating this output
  - cmt_trace_stage_reg_o[189]: dual-rail PDR repair was inconclusive after isolating this output
  - cmt_trace_stage_reg_o[190]: dual-rail PDR repair was inconclusive after isolating this output
  - cmt_trace_stage_reg_o[191]: dual-rail PDR repair was inconclusive after isolating this output
  - cmt_trace_stage_reg_o[192]: dual-rail PDR repair was inconclusive after isolating this output
  - cmt_trace_stage_reg_o[193]: dual-rail PDR repair was inconclusive after isolating this output
  - cmt_trace_stage_reg_o[194]: dual-rail PDR repair was inconclusive after isolating this output
  - cmt_trace_stage_reg_o[195]: dual-rail PDR repair was inconclusive after isolating this output
  - cmt_trace_stage_reg_o[196]: dual-rail PDR repair was inconclusive after isolating this output
  - cmt_trace_stage_reg_o[197]: dual-rail PDR repair was inconclusive after isolating this output
  - cmt_trace_stage_reg_o[198]: dual-rail PDR repair was inconclusive after isolating this output
  - cmt_trace_stage_reg_o[199]: dual-rail PDR repair was inconclusive after isolating this output
  - cmt_trace_stage_reg_o[200]: dual-rail PDR repair was inconclusive after isolating this output
  - cmt_trace_stage_reg_o[201]: dual-rail PDR repair was inconclusive after isolating this output
  - cmt_trace_stage_reg_o[202]: dual-rail PDR repair was inconclusive after isolating this output
  - cmt_trace_stage_reg_o[203]: dual-rail PDR repair was inconclusive after isolating this output
  - cmt_trace_stage_reg_o[204]: dual-rail PDR repair was inconclusive after isolating this output
  - cmt_trace_stage_reg_o[205]: dual-rail PDR repair was inconclusive after isolating this output
  - cmt_trace_stage_reg_o[206]: dual-rail PDR repair was inconclusive after isolating this output
  - cmt_trace_stage_reg_o[207]: dual-rail PDR repair was inconclusive after isolating this output
  - cmt_trace_stage_reg_o[208]: dual-rail PDR repair was inconclusive after isolating this output
  - cmt_trace_stage_reg_o[209]: dual-rail PDR repair was inconclusive after isolating this output
  - cmt_trace_stage_reg_o[210]: dual-rail PDR repair was inconclusive after isolating this output
  - cmt_trace_stage_reg_o[211]: dual-rail PDR repair was inconclusive after isolating this output
  - cmt_trace_stage_reg_o[212]: dual-rail PDR repair was inconclusive after isolating this output
  - cmt_trace_stage_reg_o[213]: dual-rail PDR repair was inconclusive after isolating this output
  - cmt_trace_stage_reg_o[214]: dual-rail PDR repair was inconclusive after isolating this output
  - cmt_trace_stage_reg_o[215]: dual-rail PDR repair was inconclusive after isolating this output
  - cmt_trace_stage_reg_o[216]: dual-rail PDR repair was inconclusive after isolating this output
  - cmt_trace_stage_reg_o[217]: dual-rail PDR repair was inconclusive after isolating this output
  - cmt_trace_stage_reg_o[218]: dual-rail PDR repair was inconclusive after isolating this output
  - cmt_trace_stage_reg_o[219]: dual-rail PDR repair was inconclusive after isolating this output
  - cmt_trace_stage_reg_o[220]: dual-rail PDR repair was inconclusive after isolating this output
  - cmt_trace_stage_reg_o[221]: dual-rail PDR repair was inconclusive after isolating this output
  - cmt_trace_stage_reg_o[222]: dual-rail PDR repair was inconclusive after isolating this output
  - cmt_trace_stage_reg_o[223]: dual-rail PDR repair was inconclusive after isolating this output
  - cmt_trace_stage_reg_o[224]: dual-rail PDR repair was inconclusive after isolating this output
  - cmt_trace_stage_reg_o[225]: dual-rail PDR repair was inconclusive after isolating this output
  - cmt_trace_stage_reg_o[226]: dual-rail PDR repair was inconclusive after isolating this output
  - cmt_trace_stage_reg_o[227]: dual-rail PDR repair was inconclusive after isolating this output
  - cmt_trace_stage_reg_o[228]: dual-rail PDR repair was inconclusive after isolating this output
  - cmt_trace_stage_reg_o[229]: dual-rail PDR repair was inconclusive after isolating this output
  - cmt_trace_stage_reg_o[230]: dual-rail PDR repair was inconclusive after isolating this output
  - cmt_trace_stage_reg_o[231]: dual-rail PDR repair was inconclusive after isolating this output
  - cmt_trace_stage_reg_o[232]: dual-rail PDR repair was inconclusive after isolating this output
  - cmt_trace_stage_reg_o[233]: dual-rail PDR repair was inconclusive after isolating this output
  - cmt_trace_stage_reg_o[234]: dual-rail PDR repair was inconclusive after isolating this output
  - cmt_trace_stage_reg_o[235]: dual-rail PDR repair was inconclusive after isolating this output
  - cmt_trace_stage_reg_o[236]: dual-rail PDR repair was inconclusive after isolating this output
  - cmt_trace_stage_reg_o[237]: dual-rail PDR repair was inconclusive after isolating this output
  - cmt_trace_stage_reg_o[238]: dual-rail PDR repair was inconclusive after isolating this output
  - cmt_trace_stage_reg_o[239]: dual-rail PDR repair was inconclusive after isolating this output
  - cmt_trace_stage_reg_o[240]: dual-rail PDR repair was inconclusive after isolating this output
  - cmt_trace_stage_reg_o[241]: dual-rail PDR repair was inconclusive after isolating this output
  - cmt_trace_stage_reg_o[242]: dual-rail PDR repair was inconclusive after isolating this output
  - cmt_trace_stage_reg_o[243]: dual-rail PDR repair was inconclusive after isolating this output
  - cmt_trace_stage_reg_o[244]: dual-rail PDR repair was inconclusive after isolating this output
  - cmt_trace_stage_reg_o[245]: dual-rail PDR repair was inconclusive after isolating this output
  - cmt_trace_stage_reg_o[246]: dual-rail PDR repair was inconclusive after isolating this output
  - cmt_trace_stage_reg_o[247]: dual-rail PDR repair was inconclusive after isolating this output
  - cmt_trace_stage_reg_o[248]: dual-rail PDR repair was inconclusive after isolating this output
  - cmt_trace_stage_reg_o[249]: dual-rail PDR repair was inconclusive after isolating this output
  - cmt_trace_stage_reg_o[250]: dual-rail PDR repair was inconclusive after isolating this output
  - cmt_trace_stage_reg_o[251]: dual-rail PDR repair was inconclusive after isolating this output
  - cmt_trace_stage_reg_o[252]: dual-rail PDR repair was inconclusive after isolating this output
  - cmt_trace_stage_reg_o[253]: dual-rail PDR repair was inconclusive after isolating this output
  - cmt_trace_stage_reg_o[254]: dual-rail PDR repair was inconclusive after isolating this output
  - cmt_trace_stage_reg_o[255]: dual-rail PDR repair was inconclusive after isolating this output
  - cmt_trace_stage_reg_o[256]: dual-rail PDR repair was inconclusive after isolating this output
  - cmt_trace_stage_reg_o[257]: dual-rail PDR repair was inconclusive after isolating this output
  - cmt_trace_stage_reg_o[258]: dual-rail PDR repair was inconclusive after isolating this output
  - cmt_trace_stage_reg_o[259]: dual-rail PDR repair was inconclusive after isolating this output
  - cmt_trace_stage_reg_o[260]: dual-rail PDR repair was inconclusive after isolating this output
  - cmt_trace_stage_reg_o[261]: dual-rail PDR repair was inconclusive after isolating this output
  - cmt_trace_stage_reg_o[262]: dual-rail PDR repair was inconclusive after isolating this output
  - cmt_trace_stage_reg_o[263]: dual-rail PDR repair was inconclusive after isolating this output
  - cmt_trace_stage_reg_o[264]: dual-rail PDR repair was inconclusive after isolating this output
  - cmt_trace_stage_reg_o[265]: dual-rail PDR repair was inconclusive after isolating this output
  - cmt_trace_stage_reg_o[266]: dual-rail PDR repair was inconclusive after isolating this output
  - cmt_trace_stage_reg_o[267]: dual-rail PDR repair was inconclusive after isolating this output
  - cmt_trace_stage_reg_o[268]: dual-rail PDR repair was inconclusive after isolating this output
  - cmt_trace_stage_reg_o[269]: dual-rail PDR repair was inconclusive after isolating this output
  - cmt_trace_stage_reg_o[270]: dual-rail PDR repair was inconclusive after isolating this output
  - cmt_trace_stage_reg_o[271]: dual-rail PDR repair was inconclusive after isolating this output
  - cmt_trace_stage_reg_o[272]: dual-rail PDR repair was inconclusive after isolating this output
  - cmt_trace_stage_reg_o[273]: dual-rail PDR repair was inconclusive after isolating this output
  - cmt_trace_stage_reg_o[274]: dual-rail PDR repair was inconclusive after isolating this output
  - cmt_trace_stage_reg_o[275]: dual-rail PDR repair was inconclusive after isolating this output
  - cmt_trace_stage_reg_o[276]: dual-rail PDR repair was inconclusive after isolating this output
  - cmt_trace_stage_reg_o[277]: dual-rail PDR repair was inconclusive after isolating this output
  - cmt_trace_stage_reg_o[278]: dual-rail PDR repair was inconclusive after isolating this output
  - cmt_trace_stage_reg_o[279]: dual-rail PDR repair was inconclusive after isolating this output
  - cmt_trace_stage_reg_o[280]: dual-rail PDR repair was inconclusive after isolating this output
  - cmt_trace_stage_reg_o[281]: dual-rail PDR repair was inconclusive after isolating this output
  - cmt_trace_stage_reg_o[282]: dual-rail PDR repair was inconclusive after isolating this output
  - cmt_trace_stage_reg_o[283]: dual-rail PDR repair was inconclusive after isolating this output
  - cmt_trace_stage_reg_o[284]: dual-rail PDR repair was inconclusive after isolating this output
  - cmt_trace_stage_reg_o[285]: dual-rail PDR repair was inconclusive after isolating this output
  - cmt_trace_stage_reg_o[286]: dual-rail PDR repair was inconclusive after isolating this output
  - cmt_trace_stage_reg_o[287]: dual-rail PDR repair was inconclusive after isolating this output
  - cmt_trace_stage_reg_o[288]: dual-rail PDR repair was inconclusive after isolating this output
  - cmt_trace_stage_reg_o[289]: dual-rail PDR repair was inconclusive after isolating this output
  - cmt_trace_stage_reg_o[290]: dual-rail PDR repair was inconclusive after isolating this output
  - cmt_trace_stage_reg_o[291]: dual-rail PDR repair was inconclusive after isolating this output
  - cmt_trace_stage_reg_o[292]: dual-rail PDR repair was inconclusive after isolating this output
  - cmt_trace_stage_reg_o[293]: dual-rail PDR repair was inconclusive after isolating this output
  - cmt_trace_stage_reg_o[294]: dual-rail PDR repair was inconclusive after isolating this output
  - cmt_trace_stage_reg_o[295]: dual-rail PDR repair was inconclusive after isolating this output
  - cmt_trace_stage_reg_o[296]: dual-rail PDR repair was inconclusive after isolating this output
  - cmt_trace_stage_reg_o[297]: dual-rail PDR repair was inconclusive after isolating this output
  - cmt_trace_stage_reg_o[298]: dual-rail PDR repair was inconclusive after isolating this output
  - cmt_trace_stage_reg_o[299]: dual-rail PDR repair was inconclusive after isolating this output
  - cmt_trace_stage_reg_o[300]: dual-rail PDR repair was inconclusive after isolating this output
  - cmt_trace_stage_reg_o[301]: dual-rail PDR repair was inconclusive after isolating this output
  - cmt_trace_stage_reg_o[302]: dual-rail PDR repair was inconclusive after isolating this output
  - cmt_trace_stage_reg_o[303]: dual-rail PDR repair was inconclusive after isolating this output
  - cmt_trace_stage_reg_o[304]: dual-rail PDR repair was inconclusive after isolating this output
  - cmt_trace_stage_reg_o[305]: dual-rail PDR repair was inconclusive after isolating this output
  - cmt_trace_stage_reg_o[306]: dual-rail PDR repair was inconclusive after isolating this output
  - cmt_trace_stage_reg_o[307]: dual-rail PDR repair was inconclusive after isolating this output
  - cmt_trace_stage_reg_o[308]: dual-rail PDR repair was inconclusive after isolating this output
  - cmt_trace_stage_reg_o[309]: dual-rail PDR repair was inconclusive after isolating this output
  - cmt_trace_stage_reg_o[310]: dual-rail PDR repair was inconclusive after isolating this output
  - cmt_trace_stage_reg_o[311]: dual-rail PDR repair was inconclusive after isolating this output
  - cmt_trace_stage_reg_o[312]: dual-rail PDR repair was inconclusive after isolating this output
  - cmt_trace_stage_reg_o[313]: dual-rail PDR repair was inconclusive after isolating this output
  - cmt_trace_stage_reg_o[314]: dual-rail PDR repair was inconclusive after isolating this output
  - cmt_trace_stage_reg_o[315]: dual-rail PDR repair was inconclusive after isolating this output
  - cmt_trace_stage_reg_o[316]: dual-rail PDR repair was inconclusive after isolating this output
  - cmt_trace_stage_reg_o[317]: dual-rail PDR repair was inconclusive after isolating this output
  - cmt_trace_stage_reg_o[318]: dual-rail PDR repair was inconclusive after isolating this output
  - cmt_trace_stage_reg_o[319]: dual-rail PDR repair was inconclusive after isolating this output
  - cmt_trace_stage_reg_o[320]: dual-rail PDR repair was inconclusive after isolating this output
  - cmt_trace_stage_reg_o[321]: dual-rail PDR repair was inconclusive after isolating this output
  - cmt_trace_stage_reg_o[322]: dual-rail PDR repair was inconclusive after isolating this output
  - cmt_trace_stage_reg_o[323]: dual-rail PDR repair was inconclusive after isolating this output
  - cmt_trace_stage_reg_o[324]: dual-rail PDR repair was inconclusive after isolating this output
  - cmt_trace_stage_reg_o[325]: dual-rail PDR repair was inconclusive after isolating this output
  - cmt_trace_stage_reg_o[326]: dual-rail PDR repair was inconclusive after isolating this output
  - cmt_trace_stage_reg_o[327]: dual-rail PDR repair was inconclusive after isolating this output
  - cmt_trace_stage_reg_o[328]: dual-rail PDR repair was inconclusive after isolating this output
  - cmt_trace_stage_reg_o[329]: dual-rail PDR repair was inconclusive after isolating this output
  - cmt_trace_stage_reg_o[330]: dual-rail PDR repair was inconclusive after isolating this output
  - cmt_trace_stage_reg_o[331]: dual-rail PDR repair was inconclusive after isolating this output
  - cmt_trace_stage_reg_o[332]: dual-rail PDR repair was inconclusive after isolating this output
  - cmt_trace_stage_reg_o[333]: dual-rail PDR repair was inconclusive after isolating this output
  - cmt_trace_stage_reg_o[334]: dual-rail PDR repair was inconclusive after isolating this output
  - cmt_trace_stage_reg_o[335]: dual-rail PDR repair was inconclusive after isolating this output
  - cmt_trace_stage_reg_o[336]: dual-rail PDR repair was inconclusive after isolating this output
  - cmt_trace_stage_reg_o[337]: dual-rail PDR repair was inconclusive after isolating this output
  - cmt_trace_stage_reg_o[338]: dual-rail PDR repair was inconclusive after isolating this output
  - cmt_trace_stage_reg_o[339]: dual-rail PDR repair was inconclusive after isolating this output
  - cmt_trace_stage_reg_o[340]: dual-rail PDR repair was inconclusive after isolating this output
  - cmt_trace_stage_reg_o[341]: dual-rail PDR repair was inconclusive after isolating this output
  - cmt_trace_stage_reg_o[342]: dual-rail PDR repair was inconclusive after isolating this output
  - cmt_trace_stage_reg_o[343]: dual-rail PDR repair was inconclusive after isolating this output
  - cmt_trace_stage_reg_o[344]: dual-rail PDR repair was inconclusive after isolating this output
  - cmt_trace_stage_reg_o[345]: dual-rail PDR repair was inconclusive after isolating this output
  - cmt_trace_stage_reg_o[346]: dual-rail PDR repair was inconclusive after isolating this output
  - cmt_trace_stage_reg_o[347]: dual-rail PDR repair was inconclusive after isolating this output
  - cmt_trace_stage_reg_o[348]: dual-rail PDR repair was inconclusive after isolating this output
  - cmt_trace_stage_reg_o[349]: dual-rail PDR repair was inconclusive after isolating this output
  - cmt_trace_stage_reg_o[350]: dual-rail PDR repair was inconclusive after isolating this output
  - cmt_trace_stage_reg_o[351]: dual-rail PDR repair was inconclusive after isolating this output
  - cmt_trace_stage_reg_o[352]: dual-rail PDR repair was inconclusive after isolating this output
  - cmt_trace_stage_reg_o[353]: dual-rail PDR repair was inconclusive after isolating this output
  - cmt_trace_stage_reg_o[354]: dual-rail PDR repair was inconclusive after isolating this output
  - cmt_trace_stage_reg_o[355]: dual-rail PDR repair was inconclusive after isolating this output
  - cmt_trace_stage_reg_o[356]: dual-rail PDR repair was inconclusive after isolating this output
  - cmt_trace_stage_reg_o[357]: dual-rail PDR repair was inconclusive after isolating this output
  - cmt_trace_stage_reg_o[358]: dual-rail PDR repair was inconclusive after isolating this output
  - cmt_trace_stage_reg_o[359]: dual-rail PDR repair was inconclusive after isolating this output
  - cmt_trace_stage_reg_o[360]: dual-rail PDR repair was inconclusive after isolating this output
  - cmt_trace_stage_reg_o[361]: dual-rail PDR repair was inconclusive after isolating this output
  - cmt_trace_stage_reg_o[362]: dual-rail PDR repair was inconclusive after isolating this output
  - cmt_trace_stage_reg_o[363]: dual-rail PDR repair was inconclusive after isolating this output
  - cmt_trace_stage_reg_o[364]: dual-rail PDR repair was inconclusive after isolating this output
  - cmt_trace_stage_reg_o[365]: dual-rail PDR repair was inconclusive after isolating this output
  - cmt_trace_stage_reg_o[366]: dual-rail PDR repair was inconclusive after isolating this output
  - cmt_trace_stage_reg_o[367]: dual-rail PDR repair was inconclusive after isolating this output
  - cmt_trace_stage_reg_o[368]: dual-rail PDR repair was inconclusive after isolating this output
  - cmt_trace_stage_reg_o[369]: dual-rail PDR repair was inconclusive after isolating this output
  - cmt_trace_stage_reg_o[370]: dual-rail PDR repair was inconclusive after isolating this output
  - cmt_trace_stage_reg_o[371]: dual-rail PDR repair was inconclusive after isolating this output
  - cmt_trace_stage_reg_o[372]: dual-rail PDR repair was inconclusive after isolating this output
  - cmt_trace_stage_reg_o[373]: dual-rail PDR repair was inconclusive after isolating this output
  - cmt_trace_stage_reg_o[374]: dual-rail PDR repair was inconclusive after isolating this output
  - cmt_trace_stage_reg_o[375]: dual-rail PDR repair was inconclusive after isolating this output
  - cmt_trace_stage_reg_o[376]: dual-rail PDR repair was inconclusive after isolating this output
  - cmt_trace_stage_reg_o[377]: dual-rail PDR repair was inconclusive after isolating this output
  - fe_cmd_o[2]: dual-rail PDR repair was inconclusive after isolating this output
  - fe_cmd_o[3]: dual-rail PDR repair was inconclusive after isolating this output
  - fe_cmd_o[4]: dual-rail PDR repair was inconclusive after isolating this output
  - fe_cmd_o[5]: dual-rail PDR repair was inconclusive after isolating this output
  - fe_cmd_o[6]: dual-rail PDR repair was inconclusive after isolating this output
  - fe_cmd_o[7]: dual-rail PDR repair was inconclusive after isolating this output
  - fe_cmd_o[8]: dual-rail PDR repair was inconclusive after isolating this output
  - fe_cmd_o[9]: dual-rail PDR repair was inconclusive after isolating this output
  - fe_cmd_o[10]: dual-rail PDR repair was inconclusive after isolating this output
  - fe_cmd_o[11]: dual-rail PDR repair was inconclusive after isolating this output
  - fe_cmd_o[12]: dual-rail PDR repair was inconclusive after isolating this output
  - fe_cmd_o[13]: dual-rail PDR repair was inconclusive after isolating this output
  - fe_cmd_o[14]: dual-rail PDR repair was inconclusive after isolating this output
  - fe_cmd_o[15]: dual-rail PDR repair was inconclusive after isolating this output
  - fe_cmd_o[16]: dual-rail PDR repair was inconclusive after isolating this output
  - fe_cmd_o[17]: dual-rail PDR repair was inconclusive after isolating this output
  - fe_cmd_o[18]: dual-rail PDR repair was inconclusive after isolating this output
  - fe_cmd_o[19]: dual-rail PDR repair was inconclusive after isolating this output
  - fe_cmd_o[20]: dual-rail PDR repair was inconclusive after isolating this output
  - fe_cmd_o[21]: dual-rail PDR repair was inconclusive after isolating this output
  - fe_cmd_o[22]: dual-rail PDR repair was inconclusive after isolating this output
  - fe_cmd_o[23]: dual-rail PDR repair was inconclusive after isolating this output
  - fe_cmd_o[24]: dual-rail PDR repair was inconclusive after isolating this output
  - fe_cmd_o[25]: dual-rail PDR repair was inconclusive after isolating this output
  - fe_cmd_o[26]: dual-rail PDR repair was inconclusive after isolating this output
  - fe_cmd_o[27]: dual-rail PDR repair was inconclusive after isolating this output
  - fe_cmd_o[28]: dual-rail PDR repair was inconclusive after isolating this output
  - fe_cmd_o[29]: dual-rail PDR repair was inconclusive after isolating this output
  - fe_cmd_o[30]: dual-rail PDR repair was inconclusive after isolating this output
  - fe_cmd_o[31]: dual-rail PDR repair was inconclusive after isolating this output
  - fe_cmd_o[32]: dual-rail PDR repair was inconclusive after isolating this output
  - fe_cmd_o[33]: dual-rail PDR repair was inconclusive after isolating this output
  - fe_cmd_o[34]: dual-rail PDR repair was inconclusive after isolating this output
  - fe_cmd_o[35]: dual-rail PDR repair was inconclusive after isolating this output
  - fe_cmd_o[36]: dual-rail PDR repair was inconclusive after isolating this output
  - fe_cmd_o[37]: dual-rail PDR repair was inconclusive after isolating this output
  - fe_cmd_o[38]: dual-rail PDR repair was inconclusive after isolating this output
  - fe_cmd_o[39]: dual-rail PDR repair was inconclusive after isolating this output
  - fe_cmd_o[40]: dual-rail PDR repair was inconclusive after isolating this output
  - fe_cmd_o[41]: dual-rail PDR repair was inconclusive after isolating this output
  - fe_cmd_o[42]: dual-rail PDR repair was inconclusive after isolating this output
  - fe_cmd_o[43]: dual-rail PDR repair was inconclusive after isolating this output
  - fe_cmd_o[44]: dual-rail PDR repair was inconclusive after isolating this output
  - fe_cmd_o[45]: dual-rail PDR repair was inconclusive after isolating this output
  - fe_cmd_o[46]: dual-rail PDR repair was inconclusive after isolating this output
  - fe_cmd_o[47]: dual-rail PDR repair was inconclusive after isolating this output
  - fe_cmd_o[48]: dual-rail PDR repair was inconclusive after isolating this output
  - fe_cmd_o[49]: dual-rail PDR repair was inconclusive after isolating this output
  - fe_cmd_o[50]: dual-rail PDR repair was inconclusive after isolating this output
  - fe_cmd_o[51]: dual-rail PDR repair was inconclusive after isolating this output
  - fe_cmd_o[52]: dual-rail PDR repair was inconclusive after isolating this output
  - fe_cmd_o[53]: dual-rail PDR repair was inconclusive after isolating this output
  - fe_cmd_o[54]: dual-rail PDR repair was inconclusive after isolating this output
  - fe_cmd_o[55]: dual-rail PDR repair was inconclusive after isolating this output
  - fe_cmd_o[56]: dual-rail PDR repair was inconclusive after isolating this output
  - fe_cmd_o[57]: dual-rail PDR repair was inconclusive after isolating this output
  - fe_cmd_o[58]: dual-rail PDR repair was inconclusive after isolating this output
  - fe_cmd_o[59]: dual-rail PDR repair was inconclusive after isolating this output
  - fe_cmd_o[60]: dual-rail PDR repair was inconclusive after isolating this output
  - fe_cmd_o[61]: dual-rail PDR repair was inconclusive after isolating this output
  - fe_cmd_o[62]: dual-rail PDR repair was inconclusive after isolating this output
  - fe_cmd_o[63]: dual-rail PDR repair was inconclusive after isolating this output
  - fe_cmd_o[64]: dual-rail PDR repair was inconclusive after isolating this output
  - fe_cmd_o[65]: dual-rail PDR repair was inconclusive after isolating this output
  - fe_cmd_o[66]: dual-rail PDR repair was inconclusive after isolating this output
  - fe_cmd_o[67]: dual-rail PDR repair was inconclusive after isolating this output
  - fe_cmd_o[68]: dual-rail PDR repair was inconclusive after isolating this output
  - fe_cmd_o[69]: dual-rail PDR repair was inconclusive after isolating this output
  - fe_cmd_o[70]: dual-rail PDR repair was inconclusive after isolating this output
  - fe_cmd_o[71]: dual-rail PDR repair was inconclusive after isolating this output
  - fe_cmd_o[72]: dual-rail PDR repair was inconclusive after isolating this output
  - fe_cmd_o[73]: dual-rail PDR repair was inconclusive after isolating this output
  - fe_cmd_o[74]: dual-rail PDR repair was inconclusive after isolating this output
  - fe_cmd_o[75]: dual-rail PDR repair was inconclusive after isolating this output
  - fe_cmd_o[76]: dual-rail PDR repair was inconclusive after isolating this output
  - fe_cmd_o[77]: dual-rail PDR repair was inconclusive after isolating this output
  - fe_cmd_o[78]: dual-rail PDR repair was inconclusive after isolating this output
  - fe_cmd_o[79]: dual-rail PDR repair was inconclusive after isolating this output
  - fe_cmd_o[80]: dual-rail PDR repair was inconclusive after isolating this output
  - fe_cmd_o[81]: dual-rail PDR repair was inconclusive after isolating this output
  - fe_cmd_o[82]: dual-rail PDR repair was inconclusive after isolating this output
  - fe_cmd_o[83]: dual-rail PDR repair was inconclusive after isolating this output
  - fe_cmd_o[84]: dual-rail PDR repair was inconclusive after isolating this output
  - fe_cmd_o[85]: dual-rail PDR repair was inconclusive after isolating this output
  - fe_cmd_o[86]: dual-rail PDR repair was inconclusive after isolating this output
  - fe_cmd_o[87]: dual-rail PDR repair was inconclusive after isolating this output
  - fe_cmd_o[88]: dual-rail PDR repair was inconclusive after isolating this output
  - fe_cmd_o[89]: dual-rail PDR repair was inconclusive after isolating this output
  - fe_cmd_o[90]: dual-rail PDR repair was inconclusive after isolating this output
  - fe_cmd_o[91]: dual-rail PDR repair was inconclusive after isolating this output
  - fe_cmd_o[92]: dual-rail PDR repair was inconclusive after isolating this output
  - fe_cmd_o[93]: dual-rail PDR repair was inconclusive after isolating this output
  - fe_cmd_o[94]: dual-rail PDR repair was inconclusive after isolating this output
  - fe_cmd_o[95]: dual-rail PDR repair was inconclusive after isolating this output
  - fe_cmd_o[96]: dual-rail PDR repair was inconclusive after isolating this output
  - fe_cmd_o[97]: dual-rail PDR repair was inconclusive after isolating this output
  - fe_cmd_o[98]: dual-rail PDR repair was inconclusive after isolating this output
  - fe_cmd_o[99]: dual-rail PDR repair was inconclusive after isolating this output
  - fe_cmd_o[100]: dual-rail PDR repair was inconclusive after isolating this output
  - fe_cmd_o[101]: dual-rail PDR repair was inconclusive after isolating this output
  - fe_cmd_o[102]: dual-rail PDR repair was inconclusive after isolating this output
  - fe_cmd_o[103]: dual-rail PDR repair was inconclusive after isolating this output
  - fe_cmd_o[104]: dual-rail PDR repair was inconclusive after isolating this output
  - fe_cmd_o[105]: dual-rail PDR repair was inconclusive after isolating this output
  - fe_cmd_o[106]: dual-rail PDR repair was inconclusive after isolating this output
  - fe_cmd_o[108]: dual-rail PDR repair was inconclusive after isolating this output
  - lce_data_resp_o[0]: dual-rail PDR repair was inconclusive after isolating this output
  - lce_data_resp_o[1]: dual-rail PDR repair was inconclusive after isolating this output
  - lce_data_resp_o[2]: dual-rail PDR repair was inconclusive after isolating this output
  - lce_data_resp_o[3]: dual-rail PDR repair was inconclusive after isolating this output
  - lce_data_resp_o[4]: dual-rail PDR repair was inconclusive after isolating this output
  - lce_data_resp_o[5]: dual-rail PDR repair was inconclusive after isolating this output
  - lce_data_resp_o[6]: dual-rail PDR repair was inconclusive after isolating this output
  - lce_data_resp_o[7]: dual-rail PDR repair was inconclusive after isolating this output
  - lce_data_resp_o[8]: dual-rail PDR repair was inconclusive after isolating this output
  - lce_data_resp_o[9]: dual-rail PDR repair was inconclusive after isolating this output
  - lce_data_resp_o[10]: dual-rail PDR repair was inconclusive after isolating this output
  - lce_data_resp_o[11]: dual-rail PDR repair was inconclusive after isolating this output
  - lce_data_resp_o[12]: dual-rail PDR repair was inconclusive after isolating this output
  - lce_data_resp_o[13]: dual-rail PDR repair was inconclusive after isolating this output
  - lce_data_resp_o[14]: dual-rail PDR repair was inconclusive after isolating this output
  - lce_data_resp_o[15]: dual-rail PDR repair was inconclusive after isolating this output
  - lce_data_resp_o[16]: dual-rail PDR repair was inconclusive after isolating this output
  - lce_data_resp_o[17]: dual-rail PDR repair was inconclusive after isolating this output
  - lce_data_resp_o[18]: dual-rail PDR repair was inconclusive after isolating this output
  - lce_data_resp_o[19]: dual-rail PDR repair was inconclusive after isolating this output
  - lce_data_resp_o[20]: dual-rail PDR repair was inconclusive after isolating this output
  - lce_data_resp_o[21]: dual-rail PDR repair was inconclusive after isolating this output
  - lce_data_resp_o[22]: dual-rail PDR repair was inconclusive after isolating this output
  - lce_data_resp_o[23]: dual-rail PDR repair was inconclusive after isolating this output
  - lce_data_resp_o[24]: dual-rail PDR repair was inconclusive after isolating this output
  - lce_data_resp_o[25]: dual-rail PDR repair was inconclusive after isolating this output
  - lce_data_resp_o[26]: dual-rail PDR repair was inconclusive after isolating this output
  - lce_data_resp_o[27]: dual-rail PDR repair was inconclusive after isolating this output
  - lce_data_resp_o[28]: dual-rail PDR repair was inconclusive after isolating this output
  - lce_data_resp_o[29]: dual-rail PDR repair was inconclusive after isolating this output
  - lce_data_resp_o[30]: dual-rail PDR repair was inconclusive after isolating this output
  - lce_data_resp_o[31]: dual-rail PDR repair was inconclusive after isolating this output
  - lce_data_resp_o[32]: dual-rail PDR repair was inconclusive after isolating this output
  - lce_data_resp_o[33]: dual-rail PDR repair was inconclusive after isolating this output
  - lce_data_resp_o[34]: dual-rail PDR repair was inconclusive after isolating this output
  - lce_data_resp_o[35]: dual-rail PDR repair was inconclusive after isolating this output
  - lce_data_resp_o[36]: dual-rail PDR repair was inconclusive after isolating this output
  - lce_data_resp_o[37]: dual-rail PDR repair was inconclusive after isolating this output
  - lce_data_resp_o[38]: dual-rail PDR repair was inconclusive after isolating this output
  - lce_data_resp_o[39]: dual-rail PDR repair was inconclusive after isolating this output
  - lce_data_resp_o[40]: dual-rail PDR repair was inconclusive after isolating this output
  - lce_data_resp_o[41]: dual-rail PDR repair was inconclusive after isolating this output
  - lce_data_resp_o[42]: dual-rail PDR repair was inconclusive after isolating this output
  - lce_data_resp_o[43]: dual-rail PDR repair was inconclusive after isolating this output
  - lce_data_resp_o[44]: dual-rail PDR repair was inconclusive after isolating this output
  - lce_data_resp_o[45]: dual-rail PDR repair was inconclusive after isolating this output
  - lce_data_resp_o[46]: dual-rail PDR repair was inconclusive after isolating this output
  - lce_data_resp_o[47]: dual-rail PDR repair was inconclusive after isolating this output
  - lce_data_resp_o[48]: dual-rail PDR repair was inconclusive after isolating this output
  - lce_data_resp_o[49]: dual-rail PDR repair was inconclusive after isolating this output
  - lce_data_resp_o[50]: dual-rail PDR repair was inconclusive after isolating this output
  - lce_data_resp_o[51]: dual-rail PDR repair was inconclusive after isolating this output
  - lce_data_resp_o[52]: dual-rail PDR repair was inconclusive after isolating this output
  - lce_data_resp_o[53]: dual-rail PDR repair was inconclusive after isolating this output
  - lce_data_resp_o[54]: dual-rail PDR repair was inconclusive after isolating this output
  - lce_data_resp_o[55]: dual-rail PDR repair was inconclusive after isolating this output
  - lce_data_resp_o[56]: dual-rail PDR repair was inconclusive after isolating this output
  - lce_data_resp_o[57]: dual-rail PDR repair was inconclusive after isolating this output
  - lce_data_resp_o[58]: dual-rail PDR repair was inconclusive after isolating this output
  - lce_data_resp_o[59]: dual-rail PDR repair was inconclusive after isolating this output
  - lce_data_resp_o[60]: dual-rail PDR repair was inconclusive after isolating this output
  - lce_data_resp_o[61]: dual-rail PDR repair was inconclusive after isolating this output
  - lce_data_resp_o[62]: dual-rail PDR repair was inconclusive after isolating this output
  - lce_data_resp_o[63]: dual-rail PDR repair was inconclusive after isolating this output
  - lce_data_resp_o[64]: dual-rail PDR repair was inconclusive after isolating this output
  - lce_data_resp_o[65]: dual-rail PDR repair was inconclusive after isolating this output
  - lce_data_resp_o[66]: dual-rail PDR repair was inconclusive after isolating this output
  - lce_data_resp_o[67]: dual-rail PDR repair was inconclusive after isolating this output
  - lce_data_resp_o[68]: dual-rail PDR repair was inconclusive after isolating this output
  - lce_data_resp_o[69]: dual-rail PDR repair was inconclusive after isolating this output
  - lce_data_resp_o[70]: dual-rail PDR repair was inconclusive after isolating this output
  - lce_data_resp_o[71]: dual-rail PDR repair was inconclusive after isolating this output
  - lce_data_resp_o[72]: dual-rail PDR repair was inconclusive after isolating this output
  - lce_data_resp_o[73]: dual-rail PDR repair was inconclusive after isolating this output
  - lce_data_resp_o[74]: dual-rail PDR repair was inconclusive after isolating this output
  - lce_data_resp_o[75]: dual-rail PDR repair was inconclusive after isolating this output
  - lce_data_resp_o[76]: dual-rail PDR repair was inconclusive after isolating this output
  - lce_data_resp_o[77]: dual-rail PDR repair was inconclusive after isolating this output
  - lce_data_resp_o[78]: dual-rail PDR repair was inconclusive after isolating this output
  - lce_data_resp_o[79]: dual-rail PDR repair was inconclusive after isolating this output
  - lce_data_resp_o[80]: dual-rail PDR repair was inconclusive after isolating this output
  - lce_data_resp_o[81]: dual-rail PDR repair was inconclusive after isolating this output
  - lce_data_resp_o[82]: dual-rail PDR repair was inconclusive after isolating this output
  - lce_data_resp_o[83]: dual-rail PDR repair was inconclusive after isolating this output
  - lce_data_resp_o[84]: dual-rail PDR repair was inconclusive after isolating this output
  - lce_data_resp_o[85]: dual-rail PDR repair was inconclusive after isolating this output
  - lce_data_resp_o[86]: dual-rail PDR repair was inconclusive after isolating this output
  - lce_data_resp_o[87]: dual-rail PDR repair was inconclusive after isolating this output
  - lce_data_resp_o[88]: dual-rail PDR repair was inconclusive after isolating this output
  - lce_data_resp_o[89]: dual-rail PDR repair was inconclusive after isolating this output
  - lce_data_resp_o[90]: dual-rail PDR repair was inconclusive after isolating this output
  - lce_data_resp_o[91]: dual-rail PDR repair was inconclusive after isolating this output
  - lce_data_resp_o[92]: dual-rail PDR repair was inconclusive after isolating this output
  - lce_data_resp_o[93]: dual-rail PDR repair was inconclusive after isolating this output
  - lce_data_resp_o[94]: dual-rail PDR repair was inconclusive after isolating this output
  - lce_data_resp_o[95]: dual-rail PDR repair was inconclusive after isolating this output
  - lce_data_resp_o[96]: dual-rail PDR repair was inconclusive after isolating this output
  - lce_data_resp_o[97]: dual-rail PDR repair was inconclusive after isolating this output
  - lce_data_resp_o[98]: dual-rail PDR repair was inconclusive after isolating this output
  - lce_data_resp_o[99]: dual-rail PDR repair was inconclusive after isolating this output
  - lce_data_resp_o[100]: dual-rail PDR repair was inconclusive after isolating this output
  - lce_data_resp_o[101]: dual-rail PDR repair was inconclusive after isolating this output
  - lce_data_resp_o[102]: dual-rail PDR repair was inconclusive after isolating this output
  - lce_data_resp_o[103]: dual-rail PDR repair was inconclusive after isolating this output
  - lce_data_resp_o[104]: dual-rail PDR repair was inconclusive after isolating this output
  - lce_data_resp_o[105]: dual-rail PDR repair was inconclusive after isolating this output
  - lce_data_resp_o[106]: dual-rail PDR repair was inconclusive after isolating this output
  - lce_data_resp_o[107]: dual-rail PDR repair was inconclusive after isolating this output
  - lce_data_resp_o[108]: dual-rail PDR repair was inconclusive after isolating this output
  - lce_data_resp_o[109]: dual-rail PDR repair was inconclusive after isolating this output
  - lce_data_resp_o[110]: dual-rail PDR repair was inconclusive after isolating this output
  - lce_data_resp_o[111]: dual-rail PDR repair was inconclusive after isolating this output
  - lce_data_resp_o[112]: dual-rail PDR repair was inconclusive after isolating this output
  - lce_data_resp_o[113]: dual-rail PDR repair was inconclusive after isolating this output
  - lce_data_resp_o[114]: dual-rail PDR repair was inconclusive after isolating this output
  - lce_data_resp_o[115]: dual-rail PDR repair was inconclusive after isolating this output
  - lce_data_resp_o[116]: dual-rail PDR repair was inconclusive after isolating this output
  - lce_data_resp_o[117]: dual-rail PDR repair was inconclusive after isolating this output
  - lce_data_resp_o[118]: dual-rail PDR repair was inconclusive after isolating this output
  - lce_data_resp_o[119]: dual-rail PDR repair was inconclusive after isolating this output
  - lce_data_resp_o[120]: dual-rail PDR repair was inconclusive after isolating this output
  - lce_data_resp_o[121]: dual-rail PDR repair was inconclusive after isolating this output
  - lce_data_resp_o[122]: dual-rail PDR repair was inconclusive after isolating this output
  - lce_data_resp_o[123]: dual-rail PDR repair was inconclusive after isolating this output
  - lce_data_resp_o[124]: dual-rail PDR repair was inconclusive after isolating this output
  - lce_data_resp_o[125]: dual-rail PDR repair was inconclusive after isolating this output
  - lce_data_resp_o[126]: dual-rail PDR repair was inconclusive after isolating this output
  - lce_data_resp_o[127]: dual-rail PDR repair was inconclusive after isolating this output
  - lce_data_resp_o[128]: dual-rail PDR repair was inconclusive after isolating this output
  - lce_data_resp_o[129]: dual-rail PDR repair was inconclusive after isolating this output
  - lce_data_resp_o[130]: dual-rail PDR repair was inconclusive after isolating this output
  - lce_data_resp_o[131]: dual-rail PDR repair was inconclusive after isolating this output
  - lce_data_resp_o[132]: dual-rail PDR repair was inconclusive after isolating this output
  - lce_data_resp_o[133]: dual-rail PDR repair was inconclusive after isolating this output
  - lce_data_resp_o[134]: dual-rail PDR repair was inconclusive after isolating this output
  - lce_data_resp_o[135]: dual-rail PDR repair was inconclusive after isolating this output
  - lce_data_resp_o[136]: dual-rail PDR repair was inconclusive after isolating this output
  - lce_data_resp_o[137]: dual-rail PDR repair was inconclusive after isolating this output
  - lce_data_resp_o[138]: dual-rail PDR repair was inconclusive after isolating this output
  - lce_data_resp_o[139]: dual-rail PDR repair was inconclusive after isolating this output
  - lce_data_resp_o[140]: dual-rail PDR repair was inconclusive after isolating this output
  - lce_data_resp_o[141]: dual-rail PDR repair was inconclusive after isolating this output
  - lce_data_resp_o[142]: dual-rail PDR repair was inconclusive after isolating this output
  - lce_data_resp_o[143]: dual-rail PDR repair was inconclusive after isolating this output
  - lce_data_resp_o[144]: dual-rail PDR repair was inconclusive after isolating this output
  - lce_data_resp_o[145]: dual-rail PDR repair was inconclusive after isolating this output
  - lce_data_resp_o[146]: dual-rail PDR repair was inconclusive after isolating this output
  - lce_data_resp_o[147]: dual-rail PDR repair was inconclusive after isolating this output
  - lce_data_resp_o[148]: dual-rail PDR repair was inconclusive after isolating this output
  - lce_data_resp_o[149]: dual-rail PDR repair was inconclusive after isolating this output
  - lce_data_resp_o[150]: dual-rail PDR repair was inconclusive after isolating this output
  - lce_data_resp_o[151]: dual-rail PDR repair was inconclusive after isolating this output
  - lce_data_resp_o[152]: dual-rail PDR repair was inconclusive after isolating this output
  - lce_data_resp_o[153]: dual-rail PDR repair was inconclusive after isolating this output
  - lce_data_resp_o[154]: dual-rail PDR repair was inconclusive after isolating this output
  - lce_data_resp_o[155]: dual-rail PDR repair was inconclusive after isolating this output
  - lce_data_resp_o[156]: dual-rail PDR repair was inconclusive after isolating this output
  - lce_data_resp_o[157]: dual-rail PDR repair was inconclusive after isolating this output
  - lce_data_resp_o[158]: dual-rail PDR repair was inconclusive after isolating this output
  - lce_data_resp_o[159]: dual-rail PDR repair was inconclusive after isolating this output
  - lce_data_resp_o[160]: dual-rail PDR repair was inconclusive after isolating this output
  - lce_data_resp_o[161]: dual-rail PDR repair was inconclusive after isolating this output
  - lce_data_resp_o[162]: dual-rail PDR repair was inconclusive after isolating this output
  - lce_data_resp_o[163]: dual-rail PDR repair was inconclusive after isolating this output
  - lce_data_resp_o[164]: dual-rail PDR repair was inconclusive after isolating this output
  - lce_data_resp_o[165]: dual-rail PDR repair was inconclusive after isolating this output
  - lce_data_resp_o[166]: dual-rail PDR repair was inconclusive after isolating this output
  - lce_data_resp_o[167]: dual-rail PDR repair was inconclusive after isolating this output
  - lce_data_resp_o[168]: dual-rail PDR repair was inconclusive after isolating this output
  - lce_data_resp_o[169]: dual-rail PDR repair was inconclusive after isolating this output
  - lce_data_resp_o[170]: dual-rail PDR repair was inconclusive after isolating this output
  - lce_data_resp_o[171]: dual-rail PDR repair was inconclusive after isolating this output
  - lce_data_resp_o[172]: dual-rail PDR repair was inconclusive after isolating this output
  - lce_data_resp_o[173]: dual-rail PDR repair was inconclusive after isolating this output
  - lce_data_resp_o[174]: dual-rail PDR repair was inconclusive after isolating this output
  - lce_data_resp_o[175]: dual-rail PDR repair was inconclusive after isolating this output
  - lce_data_resp_o[176]: dual-rail PDR repair was inconclusive after isolating this output
  - lce_data_resp_o[177]: dual-rail PDR repair was inconclusive after isolating this output
  - lce_data_resp_o[178]: dual-rail PDR repair was inconclusive after isolating this output
  - lce_data_resp_o[179]: dual-rail PDR repair was inconclusive after isolating this output
  - lce_data_resp_o[180]: dual-rail PDR repair was inconclusive after isolating this output
  - lce_data_resp_o[181]: dual-rail PDR repair was inconclusive after isolating this output
  - lce_data_resp_o[182]: dual-rail PDR repair was inconclusive after isolating this output
  - lce_data_resp_o[183]: dual-rail PDR repair was inconclusive after isolating this output
  - lce_data_resp_o[184]: dual-rail PDR repair was inconclusive after isolating this output
  - lce_data_resp_o[185]: dual-rail PDR repair was inconclusive after isolating this output
  - lce_data_resp_o[186]: dual-rail PDR repair was inconclusive after isolating this output
  - lce_data_resp_o[187]: dual-rail PDR repair was inconclusive after isolating this output
  - lce_data_resp_o[188]: dual-rail PDR repair was inconclusive after isolating this output
  - lce_data_resp_o[189]: dual-rail PDR repair was inconclusive after isolating this output
  - lce_data_resp_o[190]: dual-rail PDR repair was inconclusive after isolating this output
  - lce_data_resp_o[191]: dual-rail PDR repair was inconclusive after isolating this output
  - lce_data_resp_o[192]: dual-rail PDR repair was inconclusive after isolating this output
  - lce_data_resp_o[193]: dual-rail PDR repair was inconclusive after isolating this output
  - lce_data_resp_o[194]: dual-rail PDR repair was inconclusive after isolating this output
  - lce_data_resp_o[195]: dual-rail PDR repair was inconclusive after isolating this output
  - lce_data_resp_o[196]: dual-rail PDR repair was inconclusive after isolating this output
  - lce_data_resp_o[197]: dual-rail PDR repair was inconclusive after isolating this output
  - lce_data_resp_o[198]: dual-rail PDR repair was inconclusive after isolating this output
  - lce_data_resp_o[199]: dual-rail PDR repair was inconclusive after isolating this output
  - lce_data_resp_o[200]: dual-rail PDR repair was inconclusive after isolating this output
  - lce_data_resp_o[201]: dual-rail PDR repair was inconclusive after isolating this output
  - lce_data_resp_o[202]: dual-rail PDR repair was inconclusive after isolating this output
  - lce_data_resp_o[203]: dual-rail PDR repair was inconclusive after isolating this output
  - lce_data_resp_o[204]: dual-rail PDR repair was inconclusive after isolating this output
  - lce_data_resp_o[205]: dual-rail PDR repair was inconclusive after isolating this output
  - lce_data_resp_o[206]: dual-rail PDR repair was inconclusive after isolating this output
  - lce_data_resp_o[207]: dual-rail PDR repair was inconclusive after isolating this output
  - lce_data_resp_o[208]: dual-rail PDR repair was inconclusive after isolating this output
  - lce_data_resp_o[209]: dual-rail PDR repair was inconclusive after isolating this output
  - lce_data_resp_o[210]: dual-rail PDR repair was inconclusive after isolating this output
  - lce_data_resp_o[211]: dual-rail PDR repair was inconclusive after isolating this output
  - lce_data_resp_o[212]: dual-rail PDR repair was inconclusive after isolating this output
  - lce_data_resp_o[213]: dual-rail PDR repair was inconclusive after isolating this output
  - lce_data_resp_o[214]: dual-rail PDR repair was inconclusive after isolating this output
  - lce_data_resp_o[215]: dual-rail PDR repair was inconclusive after isolating this output
  - lce_data_resp_o[216]: dual-rail PDR repair was inconclusive after isolating this output
  - lce_data_resp_o[217]: dual-rail PDR repair was inconclusive after isolating this output
  - lce_data_resp_o[218]: dual-rail PDR repair was inconclusive after isolating this output
  - lce_data_resp_o[219]: dual-rail PDR repair was inconclusive after isolating this output
  - lce_data_resp_o[220]: dual-rail PDR repair was inconclusive after isolating this output
  - lce_data_resp_o[221]: dual-rail PDR repair was inconclusive after isolating this output
  - lce_data_resp_o[222]: dual-rail PDR repair was inconclusive after isolating this output
  - lce_data_resp_o[223]: dual-rail PDR repair was inconclusive after isolating this output
  - lce_data_resp_o[224]: dual-rail PDR repair was inconclusive after isolating this output
  - lce_data_resp_o[225]: dual-rail PDR repair was inconclusive after isolating this output
  - lce_data_resp_o[226]: dual-rail PDR repair was inconclusive after isolating this output
  - lce_data_resp_o[227]: dual-rail PDR repair was inconclusive after isolating this output
  - lce_data_resp_o[228]: dual-rail PDR repair was inconclusive after isolating this output
  - lce_data_resp_o[229]: dual-rail PDR repair was inconclusive after isolating this output
  - lce_data_resp_o[230]: dual-rail PDR repair was inconclusive after isolating this output
  - lce_data_resp_o[231]: dual-rail PDR repair was inconclusive after isolating this output
  - lce_data_resp_o[232]: dual-rail PDR repair was inconclusive after isolating this output
  - lce_data_resp_o[233]: dual-rail PDR repair was inconclusive after isolating this output
  - lce_data_resp_o[234]: dual-rail PDR repair was inconclusive after isolating this output
  - lce_data_resp_o[235]: dual-rail PDR repair was inconclusive after isolating this output
  - lce_data_resp_o[236]: dual-rail PDR repair was inconclusive after isolating this output
  - lce_data_resp_o[237]: dual-rail PDR repair was inconclusive after isolating this output
  - lce_data_resp_o[238]: dual-rail PDR repair was inconclusive after isolating this output
  - lce_data_resp_o[239]: dual-rail PDR repair was inconclusive after isolating this output
  - lce_data_resp_o[240]: dual-rail PDR repair was inconclusive after isolating this output
  - lce_data_resp_o[241]: dual-rail PDR repair was inconclusive after isolating this output
  - lce_data_resp_o[242]: dual-rail PDR repair was inconclusive after isolating this output
  - lce_data_resp_o[243]: dual-rail PDR repair was inconclusive after isolating this output
  - lce_data_resp_o[244]: dual-rail PDR repair was inconclusive after isolating this output
  - lce_data_resp_o[245]: dual-rail PDR repair was inconclusive after isolating this output
  - lce_data_resp_o[246]: dual-rail PDR repair was inconclusive after isolating this output
  - lce_data_resp_o[247]: dual-rail PDR repair was inconclusive after isolating this output
  - lce_data_resp_o[248]: dual-rail PDR repair was inconclusive after isolating this output
  - lce_data_resp_o[249]: dual-rail PDR repair was inconclusive after isolating this output
  - lce_data_resp_o[250]: dual-rail PDR repair was inconclusive after isolating this output
  - lce_data_resp_o[251]: dual-rail PDR repair was inconclusive after isolating this output
  - lce_data_resp_o[252]: dual-rail PDR repair was inconclusive after isolating this output
  - lce_data_resp_o[253]: dual-rail PDR repair was inconclusive after isolating this output
  - lce_data_resp_o[254]: dual-rail PDR repair was inconclusive after isolating this output
  - lce_data_resp_o[255]: dual-rail PDR repair was inconclusive after isolating this output
  - lce_data_resp_o[256]: dual-rail PDR repair was inconclusive after isolating this output
  - lce_data_resp_o[257]: dual-rail PDR repair was inconclusive after isolating this output
  - lce_data_resp_o[258]: dual-rail PDR repair was inconclusive after isolating this output
  - lce_data_resp_o[259]: dual-rail PDR repair was inconclusive after isolating this output
  - lce_data_resp_o[260]: dual-rail PDR repair was inconclusive after isolating this output
  - lce_data_resp_o[261]: dual-rail PDR repair was inconclusive after isolating this output
  - lce_data_resp_o[262]: dual-rail PDR repair was inconclusive after isolating this output
  - lce_data_resp_o[263]: dual-rail PDR repair was inconclusive after isolating this output
  - lce_data_resp_o[264]: dual-rail PDR repair was inconclusive after isolating this output
  - lce_data_resp_o[265]: dual-rail PDR repair was inconclusive after isolating this output
  - lce_data_resp_o[266]: dual-rail PDR repair was inconclusive after isolating this output
  - lce_data_resp_o[267]: dual-rail PDR repair was inconclusive after isolating this output
  - lce_data_resp_o[268]: dual-rail PDR repair was inconclusive after isolating this output
  - lce_data_resp_o[269]: dual-rail PDR repair was inconclusive after isolating this output
  - lce_data_resp_o[270]: dual-rail PDR repair was inconclusive after isolating this output
  - lce_data_resp_o[271]: dual-rail PDR repair was inconclusive after isolating this output
  - lce_data_resp_o[272]: dual-rail PDR repair was inconclusive after isolating this output
  - lce_data_resp_o[273]: dual-rail PDR repair was inconclusive after isolating this output
  - lce_data_resp_o[274]: dual-rail PDR repair was inconclusive after isolating this output
  - lce_data_resp_o[275]: dual-rail PDR repair was inconclusive after isolating this output
  - lce_data_resp_o[276]: dual-rail PDR repair was inconclusive after isolating this output
  - lce_data_resp_o[277]: dual-rail PDR repair was inconclusive after isolating this output
  - lce_data_resp_o[278]: dual-rail PDR repair was inconclusive after isolating this output
  - lce_data_resp_o[279]: dual-rail PDR repair was inconclusive after isolating this output
  - lce_data_resp_o[280]: dual-rail PDR repair was inconclusive after isolating this output
  - lce_data_resp_o[281]: dual-rail PDR repair was inconclusive after isolating this output
  - lce_data_resp_o[282]: dual-rail PDR repair was inconclusive after isolating this output
  - lce_data_resp_o[283]: dual-rail PDR repair was inconclusive after isolating this output
  - lce_data_resp_o[284]: dual-rail PDR repair was inconclusive after isolating this output
  - lce_data_resp_o[285]: dual-rail PDR repair was inconclusive after isolating this output
  - lce_data_resp_o[286]: dual-rail PDR repair was inconclusive after isolating this output
  - lce_data_resp_o[287]: dual-rail PDR repair was inconclusive after isolating this output
  - lce_data_resp_o[288]: dual-rail PDR repair was inconclusive after isolating this output
  - lce_data_resp_o[289]: dual-rail PDR repair was inconclusive after isolating this output
  - lce_data_resp_o[290]: dual-rail PDR repair was inconclusive after isolating this output
  - lce_data_resp_o[291]: dual-rail PDR repair was inconclusive after isolating this output
  - lce_data_resp_o[292]: dual-rail PDR repair was inconclusive after isolating this output
  - lce_data_resp_o[293]: dual-rail PDR repair was inconclusive after isolating this output
  - lce_data_resp_o[294]: dual-rail PDR repair was inconclusive after isolating this output
  - lce_data_resp_o[295]: dual-rail PDR repair was inconclusive after isolating this output
  - lce_data_resp_o[296]: dual-rail PDR repair was inconclusive after isolating this output
  - lce_data_resp_o[297]: dual-rail PDR repair was inconclusive after isolating this output
  - lce_data_resp_o[298]: dual-rail PDR repair was inconclusive after isolating this output
  - lce_data_resp_o[299]: dual-rail PDR repair was inconclusive after isolating this output
  - lce_data_resp_o[300]: dual-rail PDR repair was inconclusive after isolating this output
  - lce_data_resp_o[301]: dual-rail PDR repair was inconclusive after isolating this output
  - lce_data_resp_o[302]: dual-rail PDR repair was inconclusive after isolating this output
  - lce_data_resp_o[303]: dual-rail PDR repair was inconclusive after isolating this output
  - lce_data_resp_o[304]: dual-rail PDR repair was inconclusive after isolating this output
  - lce_data_resp_o[305]: dual-rail PDR repair was inconclusive after isolating this output
  - lce_data_resp_o[306]: dual-rail PDR repair was inconclusive after isolating this output
  - lce_data_resp_o[307]: dual-rail PDR repair was inconclusive after isolating this output
  - lce_data_resp_o[308]: dual-rail PDR repair was inconclusive after isolating this output
  - lce_data_resp_o[309]: dual-rail PDR repair was inconclusive after isolating this output
  - lce_data_resp_o[310]: dual-rail PDR repair was inconclusive after isolating this output
  - lce_data_resp_o[311]: dual-rail PDR repair was inconclusive after isolating this output
  - lce_data_resp_o[312]: dual-rail PDR repair was inconclusive after isolating this output
  - lce_data_resp_o[313]: dual-rail PDR repair was inconclusive after isolating this output
  - lce_data_resp_o[314]: dual-rail PDR repair was inconclusive after isolating this output
  - lce_data_resp_o[315]: dual-rail PDR repair was inconclusive after isolating this output
  - lce_data_resp_o[316]: dual-rail PDR repair was inconclusive after isolating this output
  - lce_data_resp_o[317]: dual-rail PDR repair was inconclusive after isolating this output
  - lce_data_resp_o[318]: dual-rail PDR repair was inconclusive after isolating this output
  - lce_data_resp_o[319]: dual-rail PDR repair was inconclusive after isolating this output
  - lce_data_resp_o[320]: dual-rail PDR repair was inconclusive after isolating this output
  - lce_data_resp_o[321]: dual-rail PDR repair was inconclusive after isolating this output
  - lce_data_resp_o[322]: dual-rail PDR repair was inconclusive after isolating this output
  - lce_data_resp_o[323]: dual-rail PDR repair was inconclusive after isolating this output
  - lce_data_resp_o[324]: dual-rail PDR repair was inconclusive after isolating this output
  - lce_data_resp_o[325]: dual-rail PDR repair was inconclusive after isolating this output
  - lce_data_resp_o[326]: dual-rail PDR repair was inconclusive after isolating this output
  - lce_data_resp_o[327]: dual-rail PDR repair was inconclusive after isolating this output
  - lce_data_resp_o[328]: dual-rail PDR repair was inconclusive after isolating this output
  - lce_data_resp_o[329]: dual-rail PDR repair was inconclusive after isolating this output
  - lce_data_resp_o[330]: dual-rail PDR repair was inconclusive after isolating this output
  - lce_data_resp_o[331]: dual-rail PDR repair was inconclusive after isolating this output
  - lce_data_resp_o[332]: dual-rail PDR repair was inconclusive after isolating this output
  - lce_data_resp_o[333]: dual-rail PDR repair was inconclusive after isolating this output
  - lce_data_resp_o[334]: dual-rail PDR repair was inconclusive after isolating this output
  - lce_data_resp_o[335]: dual-rail PDR repair was inconclusive after isolating this output
  - lce_data_resp_o[336]: dual-rail PDR repair was inconclusive after isolating this output
  - lce_data_resp_o[337]: dual-rail PDR repair was inconclusive after isolating this output
  - lce_data_resp_o[338]: dual-rail PDR repair was inconclusive after isolating this output
  - lce_data_resp_o[339]: dual-rail PDR repair was inconclusive after isolating this output
  - lce_data_resp_o[340]: dual-rail PDR repair was inconclusive after isolating this output
  - lce_data_resp_o[341]: dual-rail PDR repair was inconclusive after isolating this output
  - lce_data_resp_o[342]: dual-rail PDR repair was inconclusive after isolating this output
  - lce_data_resp_o[343]: dual-rail PDR repair was inconclusive after isolating this output
  - lce_data_resp_o[344]: dual-rail PDR repair was inconclusive after isolating this output
  - lce_data_resp_o[345]: dual-rail PDR repair was inconclusive after isolating this output
  - lce_data_resp_o[346]: dual-rail PDR repair was inconclusive after isolating this output
  - lce_data_resp_o[347]: dual-rail PDR repair was inconclusive after isolating this output
  - lce_data_resp_o[348]: dual-rail PDR repair was inconclusive after isolating this output
  - lce_data_resp_o[349]: dual-rail PDR repair was inconclusive after isolating this output
  - lce_data_resp_o[350]: dual-rail PDR repair was inconclusive after isolating this output
  - lce_data_resp_o[351]: dual-rail PDR repair was inconclusive after isolating this output
  - lce_data_resp_o[352]: dual-rail PDR repair was inconclusive after isolating this output
  - lce_data_resp_o[353]: dual-rail PDR repair was inconclusive after isolating this output
  - lce_data_resp_o[354]: dual-rail PDR repair was inconclusive after isolating this output
  - lce_data_resp_o[355]: dual-rail PDR repair was inconclusive after isolating this output
  - lce_data_resp_o[356]: dual-rail PDR repair was inconclusive after isolating this output
  - lce_data_resp_o[357]: dual-rail PDR repair was inconclusive after isolating this output
  - lce_data_resp_o[358]: dual-rail PDR repair was inconclusive after isolating this output
  - lce_data_resp_o[359]: dual-rail PDR repair was inconclusive after isolating this output
  - lce_data_resp_o[360]: dual-rail PDR repair was inconclusive after isolating this output
  - lce_data_resp_o[361]: dual-rail PDR repair was inconclusive after isolating this output
  - lce_data_resp_o[362]: dual-rail PDR repair was inconclusive after isolating this output
  - lce_data_resp_o[363]: dual-rail PDR repair was inconclusive after isolating this output
  - lce_data_resp_o[364]: dual-rail PDR repair was inconclusive after isolating this output
  - lce_data_resp_o[365]: dual-rail PDR repair was inconclusive after isolating this output
  - lce_data_resp_o[366]: dual-rail PDR repair was inconclusive after isolating this output
  - lce_data_resp_o[367]: dual-rail PDR repair was inconclusive after isolating this output
  - lce_data_resp_o[368]: dual-rail PDR repair was inconclusive after isolating this output
  - lce_data_resp_o[369]: dual-rail PDR repair was inconclusive after isolating this output
  - lce_data_resp_o[370]: dual-rail PDR repair was inconclusive after isolating this output
  - lce_data_resp_o[371]: dual-rail PDR repair was inconclusive after isolating this output
  - lce_data_resp_o[372]: dual-rail PDR repair was inconclusive after isolating this output
  - lce_data_resp_o[373]: dual-rail PDR repair was inconclusive after isolating this output
  - lce_data_resp_o[374]: dual-rail PDR repair was inconclusive after isolating this output
  - lce_data_resp_o[375]: dual-rail PDR repair was inconclusive after isolating this output
  - lce_data_resp_o[376]: dual-rail PDR repair was inconclusive after isolating this output
  - lce_data_resp_o[377]: dual-rail PDR repair was inconclusive after isolating this output
  - lce_data_resp_o[378]: dual-rail PDR repair was inconclusive after isolating this output
  - lce_data_resp_o[379]: dual-rail PDR repair was inconclusive after isolating this output
  - lce_data_resp_o[380]: dual-rail PDR repair was inconclusive after isolating this output
  - lce_data_resp_o[381]: dual-rail PDR repair was inconclusive after isolating this output
  - lce_data_resp_o[382]: dual-rail PDR repair was inconclusive after isolating this output
  - lce_data_resp_o[383]: dual-rail PDR repair was inconclusive after isolating this output
  - lce_data_resp_o[384]: dual-rail PDR repair was inconclusive after isolating this output
  - lce_data_resp_o[385]: dual-rail PDR repair was inconclusive after isolating this output
  - lce_data_resp_o[386]: dual-rail PDR repair was inconclusive after isolating this output
  - lce_data_resp_o[387]: dual-rail PDR repair was inconclusive after isolating this output
  - lce_data_resp_o[388]: dual-rail PDR repair was inconclusive after isolating this output
  - lce_data_resp_o[389]: dual-rail PDR repair was inconclusive after isolating this output
  - lce_data_resp_o[390]: dual-rail PDR repair was inconclusive after isolating this output
  - lce_data_resp_o[391]: dual-rail PDR repair was inconclusive after isolating this output
  - lce_data_resp_o[392]: dual-rail PDR repair was inconclusive after isolating this output
  - lce_data_resp_o[393]: dual-rail PDR repair was inconclusive after isolating this output
  - lce_data_resp_o[394]: dual-rail PDR repair was inconclusive after isolating this output
  - lce_data_resp_o[395]: dual-rail PDR repair was inconclusive after isolating this output
  - lce_data_resp_o[396]: dual-rail PDR repair was inconclusive after isolating this output
  - lce_data_resp_o[397]: dual-rail PDR repair was inconclusive after isolating this output
  - lce_data_resp_o[398]: dual-rail PDR repair was inconclusive after isolating this output
  - lce_data_resp_o[399]: dual-rail PDR repair was inconclusive after isolating this output
  - lce_data_resp_o[400]: dual-rail PDR repair was inconclusive after isolating this output
  - lce_data_resp_o[401]: dual-rail PDR repair was inconclusive after isolating this output
  - lce_data_resp_o[402]: dual-rail PDR repair was inconclusive after isolating this output
  - lce_data_resp_o[403]: dual-rail PDR repair was inconclusive after isolating this output
  - lce_data_resp_o[404]: dual-rail PDR repair was inconclusive after isolating this output
  - lce_data_resp_o[405]: dual-rail PDR repair was inconclusive after isolating this output
  - lce_data_resp_o[406]: dual-rail PDR repair was inconclusive after isolating this output
  - lce_data_resp_o[407]: dual-rail PDR repair was inconclusive after isolating this output
  - lce_data_resp_o[408]: dual-rail PDR repair was inconclusive after isolating this output
  - lce_data_resp_o[409]: dual-rail PDR repair was inconclusive after isolating this output
  - lce_data_resp_o[410]: dual-rail PDR repair was inconclusive after isolating this output
  - lce_data_resp_o[411]: dual-rail PDR repair was inconclusive after isolating this output
  - lce_data_resp_o[412]: dual-rail PDR repair was inconclusive after isolating this output
  - lce_data_resp_o[413]: dual-rail PDR repair was inconclusive after isolating this output
  - lce_data_resp_o[414]: dual-rail PDR repair was inconclusive after isolating this output
  - lce_data_resp_o[415]: dual-rail PDR repair was inconclusive after isolating this output
  - lce_data_resp_o[416]: dual-rail PDR repair was inconclusive after isolating this output
  - lce_data_resp_o[417]: dual-rail PDR repair was inconclusive after isolating this output
  - lce_data_resp_o[418]: dual-rail PDR repair was inconclusive after isolating this output
  - lce_data_resp_o[419]: dual-rail PDR repair was inconclusive after isolating this output
  - lce_data_resp_o[420]: dual-rail PDR repair was inconclusive after isolating this output
  - lce_data_resp_o[421]: dual-rail PDR repair was inconclusive after isolating this output
  - lce_data_resp_o[422]: dual-rail PDR repair was inconclusive after isolating this output
  - lce_data_resp_o[423]: dual-rail PDR repair was inconclusive after isolating this output
  - lce_data_resp_o[424]: dual-rail PDR repair was inconclusive after isolating this output
  - lce_data_resp_o[425]: dual-rail PDR repair was inconclusive after isolating this output
  - lce_data_resp_o[426]: dual-rail PDR repair was inconclusive after isolating this output
  - lce_data_resp_o[427]: dual-rail PDR repair was inconclusive after isolating this output
  - lce_data_resp_o[428]: dual-rail PDR repair was inconclusive after isolating this output
  - lce_data_resp_o[429]: dual-rail PDR repair was inconclusive after isolating this output
  - lce_data_resp_o[430]: dual-rail PDR repair was inconclusive after isolating this output
  - lce_data_resp_o[431]: dual-rail PDR repair was inconclusive after isolating this output
  - lce_data_resp_o[432]: dual-rail PDR repair was inconclusive after isolating this output
  - lce_data_resp_o[433]: dual-rail PDR repair was inconclusive after isolating this output
  - lce_data_resp_o[434]: dual-rail PDR repair was inconclusive after isolating this output
  - lce_data_resp_o[435]: dual-rail PDR repair was inconclusive after isolating this output
  - lce_data_resp_o[436]: dual-rail PDR repair was inconclusive after isolating this output
  - lce_data_resp_o[437]: dual-rail PDR repair was inconclusive after isolating this output
  - lce_data_resp_o[438]: dual-rail PDR repair was inconclusive after isolating this output
  - lce_data_resp_o[439]: dual-rail PDR repair was inconclusive after isolating this output
  - lce_data_resp_o[440]: dual-rail PDR repair was inconclusive after isolating this output
  - lce_data_resp_o[441]: dual-rail PDR repair was inconclusive after isolating this output
  - lce_data_resp_o[442]: dual-rail PDR repair was inconclusive after isolating this output
  - lce_data_resp_o[443]: dual-rail PDR repair was inconclusive after isolating this output
  - lce_data_resp_o[444]: dual-rail PDR repair was inconclusive after isolating this output
  - lce_data_resp_o[445]: dual-rail PDR repair was inconclusive after isolating this output
  - lce_data_resp_o[446]: dual-rail PDR repair was inconclusive after isolating this output
  - lce_data_resp_o[447]: dual-rail PDR repair was inconclusive after isolating this output
  - lce_data_resp_o[448]: dual-rail PDR repair was inconclusive after isolating this output
  - lce_data_resp_o[449]: dual-rail PDR repair was inconclusive after isolating this output
  - lce_data_resp_o[450]: dual-rail PDR repair was inconclusive after isolating this output
  - lce_data_resp_o[451]: dual-rail PDR repair was inconclusive after isolating this output
  - lce_data_resp_o[452]: dual-rail PDR repair was inconclusive after isolating this output
  - lce_data_resp_o[453]: dual-rail PDR repair was inconclusive after isolating this output
  - lce_data_resp_o[454]: dual-rail PDR repair was inconclusive after isolating this output
  - lce_data_resp_o[455]: dual-rail PDR repair was inconclusive after isolating this output
  - lce_data_resp_o[456]: dual-rail PDR repair was inconclusive after isolating this output
  - lce_data_resp_o[457]: dual-rail PDR repair was inconclusive after isolating this output
  - lce_data_resp_o[458]: dual-rail PDR repair was inconclusive after isolating this output
  - lce_data_resp_o[459]: dual-rail PDR repair was inconclusive after isolating this output
  - lce_data_resp_o[460]: dual-rail PDR repair was inconclusive after isolating this output
  - lce_data_resp_o[461]: dual-rail PDR repair was inconclusive after isolating this output
  - lce_data_resp_o[462]: dual-rail PDR repair was inconclusive after isolating this output
  - lce_data_resp_o[463]: dual-rail PDR repair was inconclusive after isolating this output
  - lce_data_resp_o[464]: dual-rail PDR repair was inconclusive after isolating this output
  - lce_data_resp_o[465]: dual-rail PDR repair was inconclusive after isolating this output
  - lce_data_resp_o[466]: dual-rail PDR repair was inconclusive after isolating this output
  - lce_data_resp_o[467]: dual-rail PDR repair was inconclusive after isolating this output
  - lce_data_resp_o[468]: dual-rail PDR repair was inconclusive after isolating this output
  - lce_data_resp_o[469]: dual-rail PDR repair was inconclusive after isolating this output
  - lce_data_resp_o[470]: dual-rail PDR repair was inconclusive after isolating this output
  - lce_data_resp_o[471]: dual-rail PDR repair was inconclusive after isolating this output
  - lce_data_resp_o[472]: dual-rail PDR repair was inconclusive after isolating this output
  - lce_data_resp_o[473]: dual-rail PDR repair was inconclusive after isolating this output
  - lce_data_resp_o[474]: dual-rail PDR repair was inconclusive after isolating this output
  - lce_data_resp_o[475]: dual-rail PDR repair was inconclusive after isolating this output
  - lce_data_resp_o[476]: dual-rail PDR repair was inconclusive after isolating this output
  - lce_data_resp_o[477]: dual-rail PDR repair was inconclusive after isolating this output
  - lce_data_resp_o[478]: dual-rail PDR repair was inconclusive after isolating this output
  - lce_data_resp_o[479]: dual-rail PDR repair was inconclusive after isolating this output
  - lce_data_resp_o[480]: dual-rail PDR repair was inconclusive after isolating this output
  - lce_data_resp_o[481]: dual-rail PDR repair was inconclusive after isolating this output
  - lce_data_resp_o[482]: dual-rail PDR repair was inconclusive after isolating this output
  - lce_data_resp_o[483]: dual-rail PDR repair was inconclusive after isolating this output
  - lce_data_resp_o[484]: dual-rail PDR repair was inconclusive after isolating this output
  - lce_data_resp_o[485]: dual-rail PDR repair was inconclusive after isolating this output
  - lce_data_resp_o[486]: dual-rail PDR repair was inconclusive after isolating this output
  - lce_data_resp_o[487]: dual-rail PDR repair was inconclusive after isolating this output
  - lce_data_resp_o[488]: dual-rail PDR repair was inconclusive after isolating this output
  - lce_data_resp_o[489]: dual-rail PDR repair was inconclusive after isolating this output
  - lce_data_resp_o[490]: dual-rail PDR repair was inconclusive after isolating this output
  - lce_data_resp_o[491]: dual-rail PDR repair was inconclusive after isolating this output
  - lce_data_resp_o[492]: dual-rail PDR repair was inconclusive after isolating this output
  - lce_data_resp_o[493]: dual-rail PDR repair was inconclusive after isolating this output
  - lce_data_resp_o[494]: dual-rail PDR repair was inconclusive after isolating this output
  - lce_data_resp_o[495]: dual-rail PDR repair was inconclusive after isolating this output
  - lce_data_resp_o[496]: dual-rail PDR repair was inconclusive after isolating this output
  - lce_data_resp_o[497]: dual-rail PDR repair was inconclusive after isolating this output
  - lce_data_resp_o[498]: dual-rail PDR repair was inconclusive after isolating this output
  - lce_data_resp_o[499]: dual-rail PDR repair was inconclusive after isolating this output
  - lce_data_resp_o[500]: dual-rail PDR repair was inconclusive after isolating this output
  - lce_data_resp_o[501]: dual-rail PDR repair was inconclusive after isolating this output
  - lce_data_resp_o[502]: dual-rail PDR repair was inconclusive after isolating this output
  - lce_data_resp_o[503]: dual-rail PDR repair was inconclusive after isolating this output
  - lce_data_resp_o[504]: dual-rail PDR repair was inconclusive after isolating this output
  - lce_data_resp_o[505]: dual-rail PDR repair was inconclusive after isolating this output
  - lce_data_resp_o[506]: dual-rail PDR repair was inconclusive after isolating this output
  - lce_data_resp_o[507]: dual-rail PDR repair was inconclusive after isolating this output
  - lce_data_resp_o[508]: dual-rail PDR repair was inconclusive after isolating this output
  - lce_data_resp_o[509]: dual-rail PDR repair was inconclusive after isolating this output
  - lce_data_resp_o[510]: dual-rail PDR repair was inconclusive after isolating this output
  - lce_data_resp_o[511]: dual-rail PDR repair was inconclusive after isolating this output
  - lce_data_resp_o[512]: dual-rail PDR repair was inconclusive after isolating this output
  - lce_data_resp_o[513]: dual-rail PDR repair was inconclusive after isolating this output
  - lce_data_resp_o[514]: dual-rail PDR repair was inconclusive after isolating this output
  - lce_data_resp_o[515]: dual-rail PDR repair was inconclusive after isolating this output
  - lce_data_resp_o[516]: dual-rail PDR repair was inconclusive after isolating this output
  - lce_data_resp_o[517]: dual-rail PDR repair was inconclusive after isolating this output
  - lce_data_resp_o[518]: dual-rail PDR repair was inconclusive after isolating this output
  - lce_data_resp_o[519]: dual-rail PDR repair was inconclusive after isolating this output
  - lce_data_resp_o[520]: dual-rail PDR repair was inconclusive after isolating this output
  - lce_data_resp_o[521]: dual-rail PDR repair was inconclusive after isolating this output
  - lce_data_resp_o[522]: dual-rail PDR repair was inconclusive after isolating this output
  - lce_data_resp_o[523]: dual-rail PDR repair was inconclusive after isolating this output
  - lce_data_resp_o[524]: dual-rail PDR repair was inconclusive after isolating this output
  - lce_data_resp_o[525]: dual-rail PDR repair was inconclusive after isolating this output
  - lce_data_resp_o[526]: dual-rail PDR repair was inconclusive after isolating this output
  - lce_data_resp_o[527]: dual-rail PDR repair was inconclusive after isolating this output
  - lce_data_resp_o[528]: dual-rail PDR repair was inconclusive after isolating this output
  - lce_data_resp_o[529]: dual-rail PDR repair was inconclusive after isolating this output
  - lce_data_resp_o[530]: dual-rail PDR repair was inconclusive after isolating this output
  - lce_data_resp_o[531]: dual-rail PDR repair was inconclusive after isolating this output
  - lce_data_resp_o[532]: dual-rail PDR repair was inconclusive after isolating this output
  - lce_data_resp_o[533]: dual-rail PDR repair was inconclusive after isolating this output
  - lce_data_resp_o[534]: dual-rail PDR repair was inconclusive after isolating this output
  - lce_data_resp_o[536]: dual-rail PDR repair was inconclusive after isolating this output
  - lce_req_o[0]: dual-rail PDR repair was inconclusive after isolating this output
  - lce_req_o[1]: dual-rail PDR repair was inconclusive after isolating this output
  - lce_req_o[2]: dual-rail PDR repair was inconclusive after isolating this output
  - lce_req_o[3]: dual-rail PDR repair was inconclusive after isolating this output
  - lce_req_o[4]: dual-rail PDR repair was inconclusive after isolating this output
  - lce_req_o[5]: dual-rail PDR repair was inconclusive after isolating this output
  - lce_req_o[6]: dual-rail PDR repair was inconclusive after isolating this output
  - lce_req_o[7]: dual-rail PDR repair was inconclusive after isolating this output
  - lce_req_o[8]: dual-rail PDR repair was inconclusive after isolating this output
  - lce_req_o[9]: dual-rail PDR repair was inconclusive after isolating this output
  - lce_req_o[10]: dual-rail PDR repair was inconclusive after isolating this output
  - lce_req_o[11]: dual-rail PDR repair was inconclusive after isolating this output
  - lce_req_o[12]: dual-rail PDR repair was inconclusive after isolating this output
  - lce_req_o[13]: dual-rail PDR repair was inconclusive after isolating this output
  - lce_req_o[14]: dual-rail PDR repair was inconclusive after isolating this output
  - lce_req_o[15]: dual-rail PDR repair was inconclusive after isolating this output
  - lce_req_o[16]: dual-rail PDR repair was inconclusive after isolating this output
  - lce_req_o[17]: dual-rail PDR repair was inconclusive after isolating this output
  - lce_req_o[18]: dual-rail PDR repair was inconclusive after isolating this output
  - lce_req_o[19]: dual-rail PDR repair was inconclusive after isolating this output
  - lce_req_o[20]: dual-rail PDR repair was inconclusive after isolating this output
  - lce_req_o[21]: dual-rail PDR repair was inconclusive after isolating this output
  - lce_req_o[22]: dual-rail PDR repair was inconclusive after isolating this output
  - lce_req_o[23]: dual-rail PDR repair was inconclusive after isolating this output
  - lce_req_o[24]: dual-rail PDR repair was inconclusive after isolating this output
  - lce_req_o[25]: dual-rail PDR repair was inconclusive after isolating this output
  - lce_req_o[27]: dual-rail PDR repair was inconclusive after isolating this output
  - lce_resp_o[0]: dual-rail PDR repair was inconclusive after isolating this output
  - lce_resp_o[1]: dual-rail PDR repair was inconclusive after isolating this output
  - lce_resp_o[2]: dual-rail PDR repair was inconclusive after isolating this output
  - lce_resp_o[3]: dual-rail PDR repair was inconclusive after isolating this output
  - lce_resp_o[4]: dual-rail PDR repair was inconclusive after isolating this output
  - lce_resp_o[5]: dual-rail PDR repair was inconclusive after isolating this output
  - lce_resp_o[6]: dual-rail PDR repair was inconclusive after isolating this output
  - lce_resp_o[7]: dual-rail PDR repair was inconclusive after isolating this output
  - lce_resp_o[8]: dual-rail PDR repair was inconclusive after isolating this output
  - lce_resp_o[9]: dual-rail PDR repair was inconclusive after isolating this output
  - lce_resp_o[10]: dual-rail PDR repair was inconclusive after isolating this output
  - lce_resp_o[11]: dual-rail PDR repair was inconclusive after isolating this output
  - lce_resp_o[12]: dual-rail PDR repair was inconclusive after isolating this output
  - lce_resp_o[13]: dual-rail PDR repair was inconclusive after isolating this output
  - lce_resp_o[14]: dual-rail PDR repair was inconclusive after isolating this output
  - lce_resp_o[15]: dual-rail PDR repair was inconclusive after isolating this output
  - lce_resp_o[16]: dual-rail PDR repair was inconclusive after isolating this output
  - lce_resp_o[17]: dual-rail PDR repair was inconclusive after isolating this output
  - lce_resp_o[18]: dual-rail PDR repair was inconclusive after isolating this output
  - lce_resp_o[19]: dual-rail PDR repair was inconclusive after isolating this output
  - lce_resp_o[20]: dual-rail PDR repair was inconclusive after isolating this output
  - lce_resp_o[21]: dual-rail PDR repair was inconclusive after isolating this output
  - lce_resp_o[22]: dual-rail PDR repair was inconclusive after isolating this output
  - lce_resp_o[23]: dual-rail PDR repair was inconclusive after isolating this output
  - lce_resp_o[24]: dual-rail PDR repair was inconclusive after isolating this output
  - lce_resp_o[25]: dual-rail PDR repair was inconclusive after isolating this output
  - lce_tr_resp_o[0]: dual-rail PDR repair was inconclusive after isolating this output
  - lce_tr_resp_o[1]: dual-rail PDR repair was inconclusive after isolating this output
  - lce_tr_resp_o[2]: dual-rail PDR repair was inconclusive after isolating this output
  - lce_tr_resp_o[3]: dual-rail PDR repair was inconclusive after isolating this output
  - lce_tr_resp_o[4]: dual-rail PDR repair was inconclusive after isolating this output
  - lce_tr_resp_o[5]: dual-rail PDR repair was inconclusive after isolating this output
  - lce_tr_resp_o[6]: dual-rail PDR repair was inconclusive after isolating this output
  - lce_tr_resp_o[7]: dual-rail PDR repair was inconclusive after isolating this output
  - lce_tr_resp_o[8]: dual-rail PDR repair was inconclusive after isolating this output
  - lce_tr_resp_o[9]: dual-rail PDR repair was inconclusive after isolating this output
  - lce_tr_resp_o[10]: dual-rail PDR repair was inconclusive after isolating this output
  - lce_tr_resp_o[11]: dual-rail PDR repair was inconclusive after isolating this output
  - lce_tr_resp_o[12]: dual-rail PDR repair was inconclusive after isolating this output
  - lce_tr_resp_o[13]: dual-rail PDR repair was inconclusive after isolating this output
  - lce_tr_resp_o[14]: dual-rail PDR repair was inconclusive after isolating this output
  - lce_tr_resp_o[15]: dual-rail PDR repair was inconclusive after isolating this output
  - lce_tr_resp_o[16]: dual-rail PDR repair was inconclusive after isolating this output
  - lce_tr_resp_o[17]: dual-rail PDR repair was inconclusive after isolating this output
  - lce_tr_resp_o[18]: dual-rail PDR repair was inconclusive after isolating this output
  - lce_tr_resp_o[19]: dual-rail PDR repair was inconclusive after isolating this output
  - lce_tr_resp_o[20]: dual-rail PDR repair was inconclusive after isolating this output
  - lce_tr_resp_o[21]: dual-rail PDR repair was inconclusive after isolating this output
  - lce_tr_resp_o[22]: dual-rail PDR repair was inconclusive after isolating this output
  - lce_tr_resp_o[23]: dual-rail PDR repair was inconclusive after isolating this output
  - lce_tr_resp_o[24]: dual-rail PDR repair was inconclusive after isolating this output
  - lce_tr_resp_o[25]: dual-rail PDR repair was inconclusive after isolating this output
  - lce_tr_resp_o[26]: dual-rail PDR repair was inconclusive after isolating this output
  - lce_tr_resp_o[27]: dual-rail PDR repair was inconclusive after isolating this output
  - lce_tr_resp_o[28]: dual-rail PDR repair was inconclusive after isolating this output
  - lce_tr_resp_o[29]: dual-rail PDR repair was inconclusive after isolating this output
  - lce_tr_resp_o[30]: dual-rail PDR repair was inconclusive after isolating this output
  - lce_tr_resp_o[31]: dual-rail PDR repair was inconclusive after isolating this output
  - lce_tr_resp_o[32]: dual-rail PDR repair was inconclusive after isolating this output
  - lce_tr_resp_o[33]: dual-rail PDR repair was inconclusive after isolating this output
  - lce_tr_resp_o[34]: dual-rail PDR repair was inconclusive after isolating this output
  - lce_tr_resp_o[35]: dual-rail PDR repair was inconclusive after isolating this output
  - lce_tr_resp_o[36]: dual-rail PDR repair was inconclusive after isolating this output
  - lce_tr_resp_o[37]: dual-rail PDR repair was inconclusive after isolating this output
  - lce_tr_resp_o[38]: dual-rail PDR repair was inconclusive after isolating this output
  - lce_tr_resp_o[39]: dual-rail PDR repair was inconclusive after isolating this output
  - lce_tr_resp_o[40]: dual-rail PDR repair was inconclusive after isolating this output
  - lce_tr_resp_o[41]: dual-rail PDR repair was inconclusive after isolating this output
  - lce_tr_resp_o[42]: dual-rail PDR repair was inconclusive after isolating this output
  - lce_tr_resp_o[43]: dual-rail PDR repair was inconclusive after isolating this output
  - lce_tr_resp_o[44]: dual-rail PDR repair was inconclusive after isolating this output
  - lce_tr_resp_o[45]: dual-rail PDR repair was inconclusive after isolating this output
  - lce_tr_resp_o[46]: dual-rail PDR repair was inconclusive after isolating this output
  - lce_tr_resp_o[47]: dual-rail PDR repair was inconclusive after isolating this output
  - lce_tr_resp_o[48]: dual-rail PDR repair was inconclusive after isolating this output
  - lce_tr_resp_o[49]: dual-rail PDR repair was inconclusive after isolating this output
  - lce_tr_resp_o[50]: dual-rail PDR repair was inconclusive after isolating this output
  - lce_tr_resp_o[51]: dual-rail PDR repair was inconclusive after isolating this output
  - lce_tr_resp_o[52]: dual-rail PDR repair was inconclusive after isolating this output
  - lce_tr_resp_o[53]: dual-rail PDR repair was inconclusive after isolating this output
  - lce_tr_resp_o[54]: dual-rail PDR repair was inconclusive after isolating this output
  - lce_tr_resp_o[55]: dual-rail PDR repair was inconclusive after isolating this output
  - lce_tr_resp_o[56]: dual-rail PDR repair was inconclusive after isolating this output
  - lce_tr_resp_o[57]: dual-rail PDR repair was inconclusive after isolating this output
  - lce_tr_resp_o[58]: dual-rail PDR repair was inconclusive after isolating this output
  - lce_tr_resp_o[59]: dual-rail PDR repair was inconclusive after isolating this output
  - lce_tr_resp_o[60]: dual-rail PDR repair was inconclusive after isolating this output
  - lce_tr_resp_o[61]: dual-rail PDR repair was inconclusive after isolating this output
  - lce_tr_resp_o[62]: dual-rail PDR repair was inconclusive after isolating this output
  - lce_tr_resp_o[63]: dual-rail PDR repair was inconclusive after isolating this output
  - lce_tr_resp_o[64]: dual-rail PDR repair was inconclusive after isolating this output
  - lce_tr_resp_o[65]: dual-rail PDR repair was inconclusive after isolating this output
  - lce_tr_resp_o[66]: dual-rail PDR repair was inconclusive after isolating this output
  - lce_tr_resp_o[67]: dual-rail PDR repair was inconclusive after isolating this output
  - lce_tr_resp_o[68]: dual-rail PDR repair was inconclusive after isolating this output
  - lce_tr_resp_o[69]: dual-rail PDR repair was inconclusive after isolating this output
  - lce_tr_resp_o[70]: dual-rail PDR repair was inconclusive after isolating this output
  - lce_tr_resp_o[71]: dual-rail PDR repair was inconclusive after isolating this output
  - lce_tr_resp_o[72]: dual-rail PDR repair was inconclusive after isolating this output
  - lce_tr_resp_o[73]: dual-rail PDR repair was inconclusive after isolating this output
  - lce_tr_resp_o[74]: dual-rail PDR repair was inconclusive after isolating this output
  - lce_tr_resp_o[75]: dual-rail PDR repair was inconclusive after isolating this output
  - lce_tr_resp_o[76]: dual-rail PDR repair was inconclusive after isolating this output
  - lce_tr_resp_o[77]: dual-rail PDR repair was inconclusive after isolating this output
  - lce_tr_resp_o[78]: dual-rail PDR repair was inconclusive after isolating this output
  - lce_tr_resp_o[79]: dual-rail PDR repair was inconclusive after isolating this output
  - lce_tr_resp_o[80]: dual-rail PDR repair was inconclusive after isolating this output
  - lce_tr_resp_o[81]: dual-rail PDR repair was inconclusive after isolating this output
  - lce_tr_resp_o[82]: dual-rail PDR repair was inconclusive after isolating this output
  - lce_tr_resp_o[83]: dual-rail PDR repair was inconclusive after isolating this output
  - lce_tr_resp_o[84]: dual-rail PDR repair was inconclusive after isolating this output
  - lce_tr_resp_o[85]: dual-rail PDR repair was inconclusive after isolating this output
  - lce_tr_resp_o[86]: dual-rail PDR repair was inconclusive after isolating this output
  - lce_tr_resp_o[87]: dual-rail PDR repair was inconclusive after isolating this output
  - lce_tr_resp_o[88]: dual-rail PDR repair was inconclusive after isolating this output
  - lce_tr_resp_o[89]: dual-rail PDR repair was inconclusive after isolating this output
  - lce_tr_resp_o[90]: dual-rail PDR repair was inconclusive after isolating this output
  - lce_tr_resp_o[91]: dual-rail PDR repair was inconclusive after isolating this output
  - lce_tr_resp_o[92]: dual-rail PDR repair was inconclusive after isolating this output
  - lce_tr_resp_o[93]: dual-rail PDR repair was inconclusive after isolating this output
  - lce_tr_resp_o[94]: dual-rail PDR repair was inconclusive after isolating this output
  - lce_tr_resp_o[95]: dual-rail PDR repair was inconclusive after isolating this output
  - lce_tr_resp_o[96]: dual-rail PDR repair was inconclusive after isolating this output
  - lce_tr_resp_o[97]: dual-rail PDR repair was inconclusive after isolating this output
  - lce_tr_resp_o[98]: dual-rail PDR repair was inconclusive after isolating this output
  - lce_tr_resp_o[99]: dual-rail PDR repair was inconclusive after isolating this output
  - lce_tr_resp_o[100]: dual-rail PDR repair was inconclusive after isolating this output
  - lce_tr_resp_o[101]: dual-rail PDR repair was inconclusive after isolating this output
  - lce_tr_resp_o[102]: dual-rail PDR repair was inconclusive after isolating this output
  - lce_tr_resp_o[103]: dual-rail PDR repair was inconclusive after isolating this output
  - lce_tr_resp_o[104]: dual-rail PDR repair was inconclusive after isolating this output
  - lce_tr_resp_o[105]: dual-rail PDR repair was inconclusive after isolating this output
  - lce_tr_resp_o[106]: dual-rail PDR repair was inconclusive after isolating this output
  - lce_tr_resp_o[107]: dual-rail PDR repair was inconclusive after isolating this output
  - lce_tr_resp_o[108]: dual-rail PDR repair was inconclusive after isolating this output
  - lce_tr_resp_o[109]: dual-rail PDR repair was inconclusive after isolating this output
  - lce_tr_resp_o[110]: dual-rail PDR repair was inconclusive after isolating this output
  - lce_tr_resp_o[111]: dual-rail PDR repair was inconclusive after isolating this output
  - lce_tr_resp_o[112]: dual-rail PDR repair was inconclusive after isolating this output
  - lce_tr_resp_o[113]: dual-rail PDR repair was inconclusive after isolating this output
  - lce_tr_resp_o[114]: dual-rail PDR repair was inconclusive after isolating this output
  - lce_tr_resp_o[115]: dual-rail PDR repair was inconclusive after isolating this output
  - lce_tr_resp_o[116]: dual-rail PDR repair was inconclusive after isolating this output
  - lce_tr_resp_o[117]: dual-rail PDR repair was inconclusive after isolating this output
  - lce_tr_resp_o[118]: dual-rail PDR repair was inconclusive after isolating this output
  - lce_tr_resp_o[119]: dual-rail PDR repair was inconclusive after isolating this output
  - lce_tr_resp_o[120]: dual-rail PDR repair was inconclusive after isolating this output
  - lce_tr_resp_o[121]: dual-rail PDR repair was inconclusive after isolating this output
  - lce_tr_resp_o[122]: dual-rail PDR repair was inconclusive after isolating this output
  - lce_tr_resp_o[123]: dual-rail PDR repair was inconclusive after isolating this output
  - lce_tr_resp_o[124]: dual-rail PDR repair was inconclusive after isolating this output
  - lce_tr_resp_o[125]: dual-rail PDR repair was inconclusive after isolating this output
  - lce_tr_resp_o[126]: dual-rail PDR repair was inconclusive after isolating this output
  - lce_tr_resp_o[127]: dual-rail PDR repair was inconclusive after isolating this output
  - lce_tr_resp_o[128]: dual-rail PDR repair was inconclusive after isolating this output
  - lce_tr_resp_o[129]: dual-rail PDR repair was inconclusive after isolating this output
  - lce_tr_resp_o[130]: dual-rail PDR repair was inconclusive after isolating this output
  - lce_tr_resp_o[131]: dual-rail PDR repair was inconclusive after isolating this output
  - lce_tr_resp_o[132]: dual-rail PDR repair was inconclusive after isolating this output
  - lce_tr_resp_o[133]: dual-rail PDR repair was inconclusive after isolating this output
  - lce_tr_resp_o[134]: dual-rail PDR repair was inconclusive after isolating this output
  - lce_tr_resp_o[135]: dual-rail PDR repair was inconclusive after isolating this output
  - lce_tr_resp_o[136]: dual-rail PDR repair was inconclusive after isolating this output
  - lce_tr_resp_o[137]: dual-rail PDR repair was inconclusive after isolating this output
  - lce_tr_resp_o[138]: dual-rail PDR repair was inconclusive after isolating this output
  - lce_tr_resp_o[139]: dual-rail PDR repair was inconclusive after isolating this output
  - lce_tr_resp_o[140]: dual-rail PDR repair was inconclusive after isolating this output
  - lce_tr_resp_o[141]: dual-rail PDR repair was inconclusive after isolating this output
  - lce_tr_resp_o[142]: dual-rail PDR repair was inconclusive after isolating this output
  - lce_tr_resp_o[143]: dual-rail PDR repair was inconclusive after isolating this output
  - lce_tr_resp_o[144]: dual-rail PDR repair was inconclusive after isolating this output
  - lce_tr_resp_o[145]: dual-rail PDR repair was inconclusive after isolating this output
  - lce_tr_resp_o[146]: dual-rail PDR repair was inconclusive after isolating this output
  - lce_tr_resp_o[147]: dual-rail PDR repair was inconclusive after isolating this output
  - lce_tr_resp_o[148]: dual-rail PDR repair was inconclusive after isolating this output
  - lce_tr_resp_o[149]: dual-rail PDR repair was inconclusive after isolating this output
  - lce_tr_resp_o[150]: dual-rail PDR repair was inconclusive after isolating this output
  - lce_tr_resp_o[151]: dual-rail PDR repair was inconclusive after isolating this output
  - lce_tr_resp_o[152]: dual-rail PDR repair was inconclusive after isolating this output
  - lce_tr_resp_o[153]: dual-rail PDR repair was inconclusive after isolating this output
  - lce_tr_resp_o[154]: dual-rail PDR repair was inconclusive after isolating this output
  - lce_tr_resp_o[155]: dual-rail PDR repair was inconclusive after isolating this output
  - lce_tr_resp_o[156]: dual-rail PDR repair was inconclusive after isolating this output
  - lce_tr_resp_o[157]: dual-rail PDR repair was inconclusive after isolating this output
  - lce_tr_resp_o[158]: dual-rail PDR repair was inconclusive after isolating this output
  - lce_tr_resp_o[159]: dual-rail PDR repair was inconclusive after isolating this output
  - lce_tr_resp_o[160]: dual-rail PDR repair was inconclusive after isolating this output
  - lce_tr_resp_o[161]: dual-rail PDR repair was inconclusive after isolating this output
  - lce_tr_resp_o[162]: dual-rail PDR repair was inconclusive after isolating this output
  - lce_tr_resp_o[163]: dual-rail PDR repair was inconclusive after isolating this output
  - lce_tr_resp_o[164]: dual-rail PDR repair was inconclusive after isolating this output
  - lce_tr_resp_o[165]: dual-rail PDR repair was inconclusive after isolating this output
  - lce_tr_resp_o[166]: dual-rail PDR repair was inconclusive after isolating this output
  - lce_tr_resp_o[167]: dual-rail PDR repair was inconclusive after isolating this output
  - lce_tr_resp_o[168]: dual-rail PDR repair was inconclusive after isolating this output
  - lce_tr_resp_o[169]: dual-rail PDR repair was inconclusive after isolating this output
  - lce_tr_resp_o[170]: dual-rail PDR repair was inconclusive after isolating this output
  - lce_tr_resp_o[171]: dual-rail PDR repair was inconclusive after isolating this output
  - lce_tr_resp_o[172]: dual-rail PDR repair was inconclusive after isolating this output
  - lce_tr_resp_o[173]: dual-rail PDR repair was inconclusive after isolating this output
  - lce_tr_resp_o[174]: dual-rail PDR repair was inconclusive after isolating this output
  - lce_tr_resp_o[175]: dual-rail PDR repair was inconclusive after isolating this output
  - lce_tr_resp_o[176]: dual-rail PDR repair was inconclusive after isolating this output
  - lce_tr_resp_o[177]: dual-rail PDR repair was inconclusive after isolating this output
  - lce_tr_resp_o[178]: dual-rail PDR repair was inconclusive after isolating this output
  - lce_tr_resp_o[179]: dual-rail PDR repair was inconclusive after isolating this output
  - lce_tr_resp_o[180]: dual-rail PDR repair was inconclusive after isolating this output
  - lce_tr_resp_o[181]: dual-rail PDR repair was inconclusive after isolating this output
  - lce_tr_resp_o[182]: dual-rail PDR repair was inconclusive after isolating this output
  - lce_tr_resp_o[183]: dual-rail PDR repair was inconclusive after isolating this output
  - lce_tr_resp_o[184]: dual-rail PDR repair was inconclusive after isolating this output
  - lce_tr_resp_o[185]: dual-rail PDR repair was inconclusive after isolating this output
  - lce_tr_resp_o[186]: dual-rail PDR repair was inconclusive after isolating this output
  - lce_tr_resp_o[187]: dual-rail PDR repair was inconclusive after isolating this output
  - lce_tr_resp_o[188]: dual-rail PDR repair was inconclusive after isolating this output
  - lce_tr_resp_o[189]: dual-rail PDR repair was inconclusive after isolating this output
  - lce_tr_resp_o[190]: dual-rail PDR repair was inconclusive after isolating this output
  - lce_tr_resp_o[191]: dual-rail PDR repair was inconclusive after isolating this output
  - lce_tr_resp_o[192]: dual-rail PDR repair was inconclusive after isolating this output
  - lce_tr_resp_o[193]: dual-rail PDR repair was inconclusive after isolating this output
  - lce_tr_resp_o[194]: dual-rail PDR repair was inconclusive after isolating this output
  - lce_tr_resp_o[195]: dual-rail PDR repair was inconclusive after isolating this output
  - lce_tr_resp_o[196]: dual-rail PDR repair was inconclusive after isolating this output
  - lce_tr_resp_o[197]: dual-rail PDR repair was inconclusive after isolating this output
  - lce_tr_resp_o[198]: dual-rail PDR repair was inconclusive after isolating this output
  - lce_tr_resp_o[199]: dual-rail PDR repair was inconclusive after isolating this output
  - lce_tr_resp_o[200]: dual-rail PDR repair was inconclusive after isolating this output
  - lce_tr_resp_o[201]: dual-rail PDR repair was inconclusive after isolating this output
  - lce_tr_resp_o[202]: dual-rail PDR repair was inconclusive after isolating this output
  - lce_tr_resp_o[203]: dual-rail PDR repair was inconclusive after isolating this output
  - lce_tr_resp_o[204]: dual-rail PDR repair was inconclusive after isolating this output
  - lce_tr_resp_o[205]: dual-rail PDR repair was inconclusive after isolating this output
  - lce_tr_resp_o[206]: dual-rail PDR repair was inconclusive after isolating this output
  - lce_tr_resp_o[207]: dual-rail PDR repair was inconclusive after isolating this output
  - lce_tr_resp_o[208]: dual-rail PDR repair was inconclusive after isolating this output
  - lce_tr_resp_o[209]: dual-rail PDR repair was inconclusive after isolating this output
  - lce_tr_resp_o[210]: dual-rail PDR repair was inconclusive after isolating this output
  - lce_tr_resp_o[211]: dual-rail PDR repair was inconclusive after isolating this output
  - lce_tr_resp_o[212]: dual-rail PDR repair was inconclusive after isolating this output
  - lce_tr_resp_o[213]: dual-rail PDR repair was inconclusive after isolating this output
  - lce_tr_resp_o[214]: dual-rail PDR repair was inconclusive after isolating this output
  - lce_tr_resp_o[215]: dual-rail PDR repair was inconclusive after isolating this output
  - lce_tr_resp_o[216]: dual-rail PDR repair was inconclusive after isolating this output
  - lce_tr_resp_o[217]: dual-rail PDR repair was inconclusive after isolating this output
  - lce_tr_resp_o[218]: dual-rail PDR repair was inconclusive after isolating this output
  - lce_tr_resp_o[219]: dual-rail PDR repair was inconclusive after isolating this output
  - lce_tr_resp_o[220]: dual-rail PDR repair was inconclusive after isolating this output
  - lce_tr_resp_o[221]: dual-rail PDR repair was inconclusive after isolating this output
  - lce_tr_resp_o[222]: dual-rail PDR repair was inconclusive after isolating this output
  - lce_tr_resp_o[223]: dual-rail PDR repair was inconclusive after isolating this output
  - lce_tr_resp_o[224]: dual-rail PDR repair was inconclusive after isolating this output
  - lce_tr_resp_o[225]: dual-rail PDR repair was inconclusive after isolating this output
  - lce_tr_resp_o[226]: dual-rail PDR repair was inconclusive after isolating this output
  - lce_tr_resp_o[227]: dual-rail PDR repair was inconclusive after isolating this output
  - lce_tr_resp_o[228]: dual-rail PDR repair was inconclusive after isolating this output
  - lce_tr_resp_o[229]: dual-rail PDR repair was inconclusive after isolating this output
  - lce_tr_resp_o[230]: dual-rail PDR repair was inconclusive after isolating this output
  - lce_tr_resp_o[231]: dual-rail PDR repair was inconclusive after isolating this output
  - lce_tr_resp_o[232]: dual-rail PDR repair was inconclusive after isolating this output
  - lce_tr_resp_o[233]: dual-rail PDR repair was inconclusive after isolating this output
  - lce_tr_resp_o[234]: dual-rail PDR repair was inconclusive after isolating this output
  - lce_tr_resp_o[235]: dual-rail PDR repair was inconclusive after isolating this output
  - lce_tr_resp_o[236]: dual-rail PDR repair was inconclusive after isolating this output
  - lce_tr_resp_o[237]: dual-rail PDR repair was inconclusive after isolating this output
  - lce_tr_resp_o[238]: dual-rail PDR repair was inconclusive after isolating this output
  - lce_tr_resp_o[239]: dual-rail PDR repair was inconclusive after isolating this output
  - lce_tr_resp_o[240]: dual-rail PDR repair was inconclusive after isolating this output
  - lce_tr_resp_o[241]: dual-rail PDR repair was inconclusive after isolating this output
  - lce_tr_resp_o[242]: dual-rail PDR repair was inconclusive after isolating this output
  - lce_tr_resp_o[243]: dual-rail PDR repair was inconclusive after isolating this output
  - lce_tr_resp_o[244]: dual-rail PDR repair was inconclusive after isolating this output
  - lce_tr_resp_o[245]: dual-rail PDR repair was inconclusive after isolating this output
  - lce_tr_resp_o[246]: dual-rail PDR repair was inconclusive after isolating this output
  - lce_tr_resp_o[247]: dual-rail PDR repair was inconclusive after isolating this output
  - lce_tr_resp_o[248]: dual-rail PDR repair was inconclusive after isolating this output
  - lce_tr_resp_o[249]: dual-rail PDR repair was inconclusive after isolating this output
  - lce_tr_resp_o[250]: dual-rail PDR repair was inconclusive after isolating this output
  - lce_tr_resp_o[251]: dual-rail PDR repair was inconclusive after isolating this output
  - lce_tr_resp_o[252]: dual-rail PDR repair was inconclusive after isolating this output
  - lce_tr_resp_o[253]: dual-rail PDR repair was inconclusive after isolating this output
  - lce_tr_resp_o[254]: dual-rail PDR repair was inconclusive after isolating this output
  - lce_tr_resp_o[255]: dual-rail PDR repair was inconclusive after isolating this output
  - lce_tr_resp_o[256]: dual-rail PDR repair was inconclusive after isolating this output
  - lce_tr_resp_o[257]: dual-rail PDR repair was inconclusive after isolating this output
  - lce_tr_resp_o[258]: dual-rail PDR repair was inconclusive after isolating this output
  - lce_tr_resp_o[259]: dual-rail PDR repair was inconclusive after isolating this output
  - lce_tr_resp_o[260]: dual-rail PDR repair was inconclusive after isolating this output
  - lce_tr_resp_o[261]: dual-rail PDR repair was inconclusive after isolating this output
  - lce_tr_resp_o[262]: dual-rail PDR repair was inconclusive after isolating this output
  - lce_tr_resp_o[263]: dual-rail PDR repair was inconclusive after isolating this output
  - lce_tr_resp_o[264]: dual-rail PDR repair was inconclusive after isolating this output
  - lce_tr_resp_o[265]: dual-rail PDR repair was inconclusive after isolating this output
  - lce_tr_resp_o[266]: dual-rail PDR repair was inconclusive after isolating this output
  - lce_tr_resp_o[267]: dual-rail PDR repair was inconclusive after isolating this output
  - lce_tr_resp_o[268]: dual-rail PDR repair was inconclusive after isolating this output
  - lce_tr_resp_o[269]: dual-rail PDR repair was inconclusive after isolating this output
  - lce_tr_resp_o[270]: dual-rail PDR repair was inconclusive after isolating this output
  - lce_tr_resp_o[271]: dual-rail PDR repair was inconclusive after isolating this output
  - lce_tr_resp_o[272]: dual-rail PDR repair was inconclusive after isolating this output
  - lce_tr_resp_o[273]: dual-rail PDR repair was inconclusive after isolating this output
  - lce_tr_resp_o[274]: dual-rail PDR repair was inconclusive after isolating this output
  - lce_tr_resp_o[275]: dual-rail PDR repair was inconclusive after isolating this output
  - lce_tr_resp_o[276]: dual-rail PDR repair was inconclusive after isolating this output
  - lce_tr_resp_o[277]: dual-rail PDR repair was inconclusive after isolating this output
  - lce_tr_resp_o[278]: dual-rail PDR repair was inconclusive after isolating this output
  - lce_tr_resp_o[279]: dual-rail PDR repair was inconclusive after isolating this output
  - lce_tr_resp_o[280]: dual-rail PDR repair was inconclusive after isolating this output
  - lce_tr_resp_o[281]: dual-rail PDR repair was inconclusive after isolating this output
  - lce_tr_resp_o[282]: dual-rail PDR repair was inconclusive after isolating this output
  - lce_tr_resp_o[283]: dual-rail PDR repair was inconclusive after isolating this output
  - lce_tr_resp_o[284]: dual-rail PDR repair was inconclusive after isolating this output
  - lce_tr_resp_o[285]: dual-rail PDR repair was inconclusive after isolating this output
  - lce_tr_resp_o[286]: dual-rail PDR repair was inconclusive after isolating this output
  - lce_tr_resp_o[287]: dual-rail PDR repair was inconclusive after isolating this output
  - lce_tr_resp_o[288]: dual-rail PDR repair was inconclusive after isolating this output
  - lce_tr_resp_o[289]: dual-rail PDR repair was inconclusive after isolating this output
  - lce_tr_resp_o[290]: dual-rail PDR repair was inconclusive after isolating this output
  - lce_tr_resp_o[291]: dual-rail PDR repair was inconclusive after isolating this output
  - lce_tr_resp_o[292]: dual-rail PDR repair was inconclusive after isolating this output
  - lce_tr_resp_o[293]: dual-rail PDR repair was inconclusive after isolating this output
  - lce_tr_resp_o[294]: dual-rail PDR repair was inconclusive after isolating this output
  - lce_tr_resp_o[295]: dual-rail PDR repair was inconclusive after isolating this output
  - lce_tr_resp_o[296]: dual-rail PDR repair was inconclusive after isolating this output
  - lce_tr_resp_o[297]: dual-rail PDR repair was inconclusive after isolating this output
  - lce_tr_resp_o[298]: dual-rail PDR repair was inconclusive after isolating this output
  - lce_tr_resp_o[299]: dual-rail PDR repair was inconclusive after isolating this output
  - lce_tr_resp_o[300]: dual-rail PDR repair was inconclusive after isolating this output
  - lce_tr_resp_o[301]: dual-rail PDR repair was inconclusive after isolating this output
  - lce_tr_resp_o[302]: dual-rail PDR repair was inconclusive after isolating this output
  - lce_tr_resp_o[303]: dual-rail PDR repair was inconclusive after isolating this output
  - lce_tr_resp_o[304]: dual-rail PDR repair was inconclusive after isolating this output
  - lce_tr_resp_o[305]: dual-rail PDR repair was inconclusive after isolating this output
  - lce_tr_resp_o[306]: dual-rail PDR repair was inconclusive after isolating this output
  - lce_tr_resp_o[307]: dual-rail PDR repair was inconclusive after isolating this output
  - lce_tr_resp_o[308]: dual-rail PDR repair was inconclusive after isolating this output
  - lce_tr_resp_o[309]: dual-rail PDR repair was inconclusive after isolating this output
  - lce_tr_resp_o[310]: dual-rail PDR repair was inconclusive after isolating this output
  - lce_tr_resp_o[311]: dual-rail PDR repair was inconclusive after isolating this output
  - lce_tr_resp_o[312]: dual-rail PDR repair was inconclusive after isolating this output
  - lce_tr_resp_o[313]: dual-rail PDR repair was inconclusive after isolating this output
  - lce_tr_resp_o[314]: dual-rail PDR repair was inconclusive after isolating this output
  - lce_tr_resp_o[315]: dual-rail PDR repair was inconclusive after isolating this output
  - lce_tr_resp_o[316]: dual-rail PDR repair was inconclusive after isolating this output
  - lce_tr_resp_o[317]: dual-rail PDR repair was inconclusive after isolating this output
  - lce_tr_resp_o[318]: dual-rail PDR repair was inconclusive after isolating this output
  - lce_tr_resp_o[319]: dual-rail PDR repair was inconclusive after isolating this output
  - lce_tr_resp_o[320]: dual-rail PDR repair was inconclusive after isolating this output
  - lce_tr_resp_o[321]: dual-rail PDR repair was inconclusive after isolating this output
  - lce_tr_resp_o[322]: dual-rail PDR repair was inconclusive after isolating this output
  - lce_tr_resp_o[323]: dual-rail PDR repair was inconclusive after isolating this output
  - lce_tr_resp_o[324]: dual-rail PDR repair was inconclusive after isolating this output
  - lce_tr_resp_o[325]: dual-rail PDR repair was inconclusive after isolating this output
  - lce_tr_resp_o[326]: dual-rail PDR repair was inconclusive after isolating this output
  - lce_tr_resp_o[327]: dual-rail PDR repair was inconclusive after isolating this output
  - lce_tr_resp_o[328]: dual-rail PDR repair was inconclusive after isolating this output
  - lce_tr_resp_o[329]: dual-rail PDR repair was inconclusive after isolating this output
  - lce_tr_resp_o[330]: dual-rail PDR repair was inconclusive after isolating this output
  - lce_tr_resp_o[331]: dual-rail PDR repair was inconclusive after isolating this output
  - lce_tr_resp_o[332]: dual-rail PDR repair was inconclusive after isolating this output
  - lce_tr_resp_o[333]: dual-rail PDR repair was inconclusive after isolating this output
  - lce_tr_resp_o[334]: dual-rail PDR repair was inconclusive after isolating this output
  - lce_tr_resp_o[335]: dual-rail PDR repair was inconclusive after isolating this output
  - lce_tr_resp_o[336]: dual-rail PDR repair was inconclusive after isolating this output
  - lce_tr_resp_o[337]: dual-rail PDR repair was inconclusive after isolating this output
  - lce_tr_resp_o[338]: dual-rail PDR repair was inconclusive after isolating this output
  - lce_tr_resp_o[339]: dual-rail PDR repair was inconclusive after isolating this output
  - lce_tr_resp_o[340]: dual-rail PDR repair was inconclusive after isolating this output
  - lce_tr_resp_o[341]: dual-rail PDR repair was inconclusive after isolating this output
  - lce_tr_resp_o[342]: dual-rail PDR repair was inconclusive after isolating this output
  - lce_tr_resp_o[343]: dual-rail PDR repair was inconclusive after isolating this output
  - lce_tr_resp_o[344]: dual-rail PDR repair was inconclusive after isolating this output
  - lce_tr_resp_o[345]: dual-rail PDR repair was inconclusive after isolating this output
  - lce_tr_resp_o[346]: dual-rail PDR repair was inconclusive after isolating this output
  - lce_tr_resp_o[347]: dual-rail PDR repair was inconclusive after isolating this output
  - lce_tr_resp_o[348]: dual-rail PDR repair was inconclusive after isolating this output
  - lce_tr_resp_o[349]: dual-rail PDR repair was inconclusive after isolating this output
  - lce_tr_resp_o[350]: dual-rail PDR repair was inconclusive after isolating this output
  - lce_tr_resp_o[351]: dual-rail PDR repair was inconclusive after isolating this output
  - lce_tr_resp_o[352]: dual-rail PDR repair was inconclusive after isolating this output
  - lce_tr_resp_o[353]: dual-rail PDR repair was inconclusive after isolating this output
  - lce_tr_resp_o[354]: dual-rail PDR repair was inconclusive after isolating this output
  - lce_tr_resp_o[355]: dual-rail PDR repair was inconclusive after isolating this output
  - lce_tr_resp_o[356]: dual-rail PDR repair was inconclusive after isolating this output
  - lce_tr_resp_o[357]: dual-rail PDR repair was inconclusive after isolating this output
  - lce_tr_resp_o[358]: dual-rail PDR repair was inconclusive after isolating this output
  - lce_tr_resp_o[359]: dual-rail PDR repair was inconclusive after isolating this output
  - lce_tr_resp_o[360]: dual-rail PDR repair was inconclusive after isolating this output
  - lce_tr_resp_o[361]: dual-rail PDR repair was inconclusive after isolating this output
  - lce_tr_resp_o[362]: dual-rail PDR repair was inconclusive after isolating this output
  - lce_tr_resp_o[363]: dual-rail PDR repair was inconclusive after isolating this output
  - lce_tr_resp_o[364]: dual-rail PDR repair was inconclusive after isolating this output
  - lce_tr_resp_o[365]: dual-rail PDR repair was inconclusive after isolating this output
  - lce_tr_resp_o[366]: dual-rail PDR repair was inconclusive after isolating this output
  - lce_tr_resp_o[367]: dual-rail PDR repair was inconclusive after isolating this output
  - lce_tr_resp_o[368]: dual-rail PDR repair was inconclusive after isolating this output
  - lce_tr_resp_o[369]: dual-rail PDR repair was inconclusive after isolating this output
  - lce_tr_resp_o[370]: dual-rail PDR repair was inconclusive after isolating this output
  - lce_tr_resp_o[371]: dual-rail PDR repair was inconclusive after isolating this output
  - lce_tr_resp_o[372]: dual-rail PDR repair was inconclusive after isolating this output
  - lce_tr_resp_o[373]: dual-rail PDR repair was inconclusive after isolating this output
  - lce_tr_resp_o[374]: dual-rail PDR repair was inconclusive after isolating this output
  - lce_tr_resp_o[375]: dual-rail PDR repair was inconclusive after isolating this output
  - lce_tr_resp_o[376]: dual-rail PDR repair was inconclusive after isolating this output
  - lce_tr_resp_o[377]: dual-rail PDR repair was inconclusive after isolating this output
  - lce_tr_resp_o[378]: dual-rail PDR repair was inconclusive after isolating this output
  - lce_tr_resp_o[379]: dual-rail PDR repair was inconclusive after isolating this output
  - lce_tr_resp_o[380]: dual-rail PDR repair was inconclusive after isolating this output
  - lce_tr_resp_o[381]: dual-rail PDR repair was inconclusive after isolating this output
  - lce_tr_resp_o[382]: dual-rail PDR repair was inconclusive after isolating this output
  - lce_tr_resp_o[383]: dual-rail PDR repair was inconclusive after isolating this output
  - lce_tr_resp_o[384]: dual-rail PDR repair was inconclusive after isolating this output
  - lce_tr_resp_o[385]: dual-rail PDR repair was inconclusive after isolating this output
  - lce_tr_resp_o[386]: dual-rail PDR repair was inconclusive after isolating this output
  - lce_tr_resp_o[387]: dual-rail PDR repair was inconclusive after isolating this output
  - lce_tr_resp_o[388]: dual-rail PDR repair was inconclusive after isolating this output
  - lce_tr_resp_o[389]: dual-rail PDR repair was inconclusive after isolating this output
  - lce_tr_resp_o[390]: dual-rail PDR repair was inconclusive after isolating this output
  - lce_tr_resp_o[391]: dual-rail PDR repair was inconclusive after isolating this output
  - lce_tr_resp_o[392]: dual-rail PDR repair was inconclusive after isolating this output
  - lce_tr_resp_o[393]: dual-rail PDR repair was inconclusive after isolating this output
  - lce_tr_resp_o[394]: dual-rail PDR repair was inconclusive after isolating this output
  - lce_tr_resp_o[395]: dual-rail PDR repair was inconclusive after isolating this output
  - lce_tr_resp_o[396]: dual-rail PDR repair was inconclusive after isolating this output
  - lce_tr_resp_o[397]: dual-rail PDR repair was inconclusive after isolating this output
  - lce_tr_resp_o[398]: dual-rail PDR repair was inconclusive after isolating this output
  - lce_tr_resp_o[399]: dual-rail PDR repair was inconclusive after isolating this output
  - lce_tr_resp_o[400]: dual-rail PDR repair was inconclusive after isolating this output
  - lce_tr_resp_o[401]: dual-rail PDR repair was inconclusive after isolating this output
  - lce_tr_resp_o[402]: dual-rail PDR repair was inconclusive after isolating this output
  - lce_tr_resp_o[403]: dual-rail PDR repair was inconclusive after isolating this output
  - lce_tr_resp_o[404]: dual-rail PDR repair was inconclusive after isolating this output
  - lce_tr_resp_o[405]: dual-rail PDR repair was inconclusive after isolating this output
  - lce_tr_resp_o[406]: dual-rail PDR repair was inconclusive after isolating this output
  - lce_tr_resp_o[407]: dual-rail PDR repair was inconclusive after isolating this output
  - lce_tr_resp_o[408]: dual-rail PDR repair was inconclusive after isolating this output
  - lce_tr_resp_o[409]: dual-rail PDR repair was inconclusive after isolating this output
  - lce_tr_resp_o[410]: dual-rail PDR repair was inconclusive after isolating this output
  - lce_tr_resp_o[411]: dual-rail PDR repair was inconclusive after isolating this output
  - lce_tr_resp_o[412]: dual-rail PDR repair was inconclusive after isolating this output
  - lce_tr_resp_o[413]: dual-rail PDR repair was inconclusive after isolating this output
  - lce_tr_resp_o[414]: dual-rail PDR repair was inconclusive after isolating this output
  - lce_tr_resp_o[415]: dual-rail PDR repair was inconclusive after isolating this output
  - lce_tr_resp_o[416]: dual-rail PDR repair was inconclusive after isolating this output
  - lce_tr_resp_o[417]: dual-rail PDR repair was inconclusive after isolating this output
  - lce_tr_resp_o[418]: dual-rail PDR repair was inconclusive after isolating this output
  - lce_tr_resp_o[419]: dual-rail PDR repair was inconclusive after isolating this output
  - lce_tr_resp_o[420]: dual-rail PDR repair was inconclusive after isolating this output
  - lce_tr_resp_o[421]: dual-rail PDR repair was inconclusive after isolating this output
  - lce_tr_resp_o[422]: dual-rail PDR repair was inconclusive after isolating this output
  - lce_tr_resp_o[423]: dual-rail PDR repair was inconclusive after isolating this output
  - lce_tr_resp_o[424]: dual-rail PDR repair was inconclusive after isolating this output
  - lce_tr_resp_o[425]: dual-rail PDR repair was inconclusive after isolating this output
  - lce_tr_resp_o[426]: dual-rail PDR repair was inconclusive after isolating this output
  - lce_tr_resp_o[427]: dual-rail PDR repair was inconclusive after isolating this output
  - lce_tr_resp_o[428]: dual-rail PDR repair was inconclusive after isolating this output
  - lce_tr_resp_o[429]: dual-rail PDR repair was inconclusive after isolating this output
  - lce_tr_resp_o[430]: dual-rail PDR repair was inconclusive after isolating this output
  - lce_tr_resp_o[431]: dual-rail PDR repair was inconclusive after isolating this output
  - lce_tr_resp_o[432]: dual-rail PDR repair was inconclusive after isolating this output
  - lce_tr_resp_o[433]: dual-rail PDR repair was inconclusive after isolating this output
  - lce_tr_resp_o[434]: dual-rail PDR repair was inconclusive after isolating this output
  - lce_tr_resp_o[435]: dual-rail PDR repair was inconclusive after isolating this output
  - lce_tr_resp_o[436]: dual-rail PDR repair was inconclusive after isolating this output
  - lce_tr_resp_o[437]: dual-rail PDR repair was inconclusive after isolating this output
  - lce_tr_resp_o[438]: dual-rail PDR repair was inconclusive after isolating this output
  - lce_tr_resp_o[439]: dual-rail PDR repair was inconclusive after isolating this output
  - lce_tr_resp_o[440]: dual-rail PDR repair was inconclusive after isolating this output
  - lce_tr_resp_o[441]: dual-rail PDR repair was inconclusive after isolating this output
  - lce_tr_resp_o[442]: dual-rail PDR repair was inconclusive after isolating this output
  - lce_tr_resp_o[443]: dual-rail PDR repair was inconclusive after isolating this output
  - lce_tr_resp_o[444]: dual-rail PDR repair was inconclusive after isolating this output
  - lce_tr_resp_o[445]: dual-rail PDR repair was inconclusive after isolating this output
  - lce_tr_resp_o[446]: dual-rail PDR repair was inconclusive after isolating this output
  - lce_tr_resp_o[447]: dual-rail PDR repair was inconclusive after isolating this output
  - lce_tr_resp_o[448]: dual-rail PDR repair was inconclusive after isolating this output
  - lce_tr_resp_o[449]: dual-rail PDR repair was inconclusive after isolating this output
  - lce_tr_resp_o[450]: dual-rail PDR repair was inconclusive after isolating this output
  - lce_tr_resp_o[451]: dual-rail PDR repair was inconclusive after isolating this output
  - lce_tr_resp_o[452]: dual-rail PDR repair was inconclusive after isolating this output
  - lce_tr_resp_o[453]: dual-rail PDR repair was inconclusive after isolating this output
  - lce_tr_resp_o[454]: dual-rail PDR repair was inconclusive after isolating this output
  - lce_tr_resp_o[455]: dual-rail PDR repair was inconclusive after isolating this output
  - lce_tr_resp_o[456]: dual-rail PDR repair was inconclusive after isolating this output
  - lce_tr_resp_o[457]: dual-rail PDR repair was inconclusive after isolating this output
  - lce_tr_resp_o[458]: dual-rail PDR repair was inconclusive after isolating this output
  - lce_tr_resp_o[459]: dual-rail PDR repair was inconclusive after isolating this output
  - lce_tr_resp_o[460]: dual-rail PDR repair was inconclusive after isolating this output
  - lce_tr_resp_o[461]: dual-rail PDR repair was inconclusive after isolating this output
  - lce_tr_resp_o[462]: dual-rail PDR repair was inconclusive after isolating this output
  - lce_tr_resp_o[463]: dual-rail PDR repair was inconclusive after isolating this output
  - lce_tr_resp_o[464]: dual-rail PDR repair was inconclusive after isolating this output
  - lce_tr_resp_o[465]: dual-rail PDR repair was inconclusive after isolating this output
  - lce_tr_resp_o[466]: dual-rail PDR repair was inconclusive after isolating this output
  - lce_tr_resp_o[467]: dual-rail PDR repair was inconclusive after isolating this output
  - lce_tr_resp_o[468]: dual-rail PDR repair was inconclusive after isolating this output
  - lce_tr_resp_o[469]: dual-rail PDR repair was inconclusive after isolating this output
  - lce_tr_resp_o[470]: dual-rail PDR repair was inconclusive after isolating this output
  - lce_tr_resp_o[471]: dual-rail PDR repair was inconclusive after isolating this output
  - lce_tr_resp_o[472]: dual-rail PDR repair was inconclusive after isolating this output
  - lce_tr_resp_o[473]: dual-rail PDR repair was inconclusive after isolating this output
  - lce_tr_resp_o[474]: dual-rail PDR repair was inconclusive after isolating this output
  - lce_tr_resp_o[475]: dual-rail PDR repair was inconclusive after isolating this output
  - lce_tr_resp_o[476]: dual-rail PDR repair was inconclusive after isolating this output
  - lce_tr_resp_o[477]: dual-rail PDR repair was inconclusive after isolating this output
  - lce_tr_resp_o[478]: dual-rail PDR repair was inconclusive after isolating this output
  - lce_tr_resp_o[479]: dual-rail PDR repair was inconclusive after isolating this output
  - lce_tr_resp_o[480]: dual-rail PDR repair was inconclusive after isolating this output
  - lce_tr_resp_o[481]: dual-rail PDR repair was inconclusive after isolating this output
  - lce_tr_resp_o[482]: dual-rail PDR repair was inconclusive after isolating this output
  - lce_tr_resp_o[483]: dual-rail PDR repair was inconclusive after isolating this output
  - lce_tr_resp_o[484]: dual-rail PDR repair was inconclusive after isolating this output
  - lce_tr_resp_o[485]: dual-rail PDR repair was inconclusive after isolating this output
  - lce_tr_resp_o[486]: dual-rail PDR repair was inconclusive after isolating this output
  - lce_tr_resp_o[487]: dual-rail PDR repair was inconclusive after isolating this output
  - lce_tr_resp_o[488]: dual-rail PDR repair was inconclusive after isolating this output
  - lce_tr_resp_o[489]: dual-rail PDR repair was inconclusive after isolating this output
  - lce_tr_resp_o[490]: dual-rail PDR repair was inconclusive after isolating this output
  - lce_tr_resp_o[491]: dual-rail PDR repair was inconclusive after isolating this output
  - lce_tr_resp_o[492]: dual-rail PDR repair was inconclusive after isolating this output
  - lce_tr_resp_o[493]: dual-rail PDR repair was inconclusive after isolating this output
  - lce_tr_resp_o[494]: dual-rail PDR repair was inconclusive after isolating this output
  - lce_tr_resp_o[495]: dual-rail PDR repair was inconclusive after isolating this output
  - lce_tr_resp_o[496]: dual-rail PDR repair was inconclusive after isolating this output
  - lce_tr_resp_o[497]: dual-rail PDR repair was inconclusive after isolating this output
  - lce_tr_resp_o[498]: dual-rail PDR repair was inconclusive after isolating this output
  - lce_tr_resp_o[499]: dual-rail PDR repair was inconclusive after isolating this output
  - lce_tr_resp_o[500]: dual-rail PDR repair was inconclusive after isolating this output
  - lce_tr_resp_o[501]: dual-rail PDR repair was inconclusive after isolating this output
  - lce_tr_resp_o[502]: dual-rail PDR repair was inconclusive after isolating this output
  - lce_tr_resp_o[503]: dual-rail PDR repair was inconclusive after isolating this output
  - lce_tr_resp_o[504]: dual-rail PDR repair was inconclusive after isolating this output
  - lce_tr_resp_o[505]: dual-rail PDR repair was inconclusive after isolating this output
  - lce_tr_resp_o[506]: dual-rail PDR repair was inconclusive after isolating this output
  - lce_tr_resp_o[507]: dual-rail PDR repair was inconclusive after isolating this output
  - lce_tr_resp_o[508]: dual-rail PDR repair was inconclusive after isolating this output
  - lce_tr_resp_o[509]: dual-rail PDR repair was inconclusive after isolating this output
  - lce_tr_resp_o[510]: dual-rail PDR repair was inconclusive after isolating this output
  - lce_tr_resp_o[511]: dual-rail PDR repair was inconclusive after isolating this output
  - lce_tr_resp_o[512]: dual-rail PDR repair was inconclusive after isolating this output
  - lce_tr_resp_o[513]: dual-rail PDR repair was inconclusive after isolating this output
  - lce_tr_resp_o[514]: dual-rail PDR repair was inconclusive after isolating this output
  - lce_tr_resp_o[515]: dual-rail PDR repair was inconclusive after isolating this output
  - lce_tr_resp_o[516]: dual-rail PDR repair was inconclusive after isolating this output
  - lce_tr_resp_o[517]: dual-rail PDR repair was inconclusive after isolating this output
  - lce_tr_resp_o[518]: dual-rail PDR repair was inconclusive after isolating this output
  - lce_tr_resp_o[519]: dual-rail PDR repair was inconclusive after isolating this output
  - lce_tr_resp_o[520]: dual-rail PDR repair was inconclusive after isolating this output
  - lce_tr_resp_o[521]: dual-rail PDR repair was inconclusive after isolating this output
  - lce_tr_resp_o[522]: dual-rail PDR repair was inconclusive after isolating this output
  - lce_tr_resp_o[523]: dual-rail PDR repair was inconclusive after isolating this output
  - lce_tr_resp_o[524]: dual-rail PDR repair was inconclusive after isolating this output
  - lce_tr_resp_o[525]: dual-rail PDR repair was inconclusive after isolating this output
  - lce_tr_resp_o[526]: dual-rail PDR repair was inconclusive after isolating this output
  - lce_tr_resp_o[527]: dual-rail PDR repair was inconclusive after isolating this output
  - lce_tr_resp_o[528]: dual-rail PDR repair was inconclusive after isolating this output
  - lce_tr_resp_o[529]: dual-rail PDR repair was inconclusive after isolating this output
  - lce_tr_resp_o[530]: dual-rail PDR repair was inconclusive after isolating this output
  - lce_tr_resp_o[531]: dual-rail PDR repair was inconclusive after isolating this output
  - lce_tr_resp_o[532]: dual-rail PDR repair was inconclusive after isolating this output
  - lce_tr_resp_o[533]: dual-rail PDR repair was inconclusive after isolating this output
  - lce_tr_resp_o[534]: dual-rail PDR repair was inconclusive after isolating this output
  - lce_tr_resp_o[535]: dual-rail PDR repair was inconclusive after isolating this output
  - lce_tr_resp_o[536]: dual-rail PDR repair was inconclusive after isolating this output
  - lce_tr_resp_o[538]: dual-rail PDR repair was inconclusive after isolating this output

[2026-07-04 13:08:05.034] [kepler_formal_main_logger] [info] [KeplerFormal.cpp:1808] No difference was found. SEC proved equivalence at k = 1.
